ID,Workshop,Evaluation,Gender,Status,Scientific_Discipline,Primary_ institutional_affiliation,Country_of_primary_affiliation,region,major_scientific_discipline
9208,Cameroon,R,Male,Pre-Doc,Organic Chemistry,"Prince Abubakar Audu University, Nigeria",Nigeria,Western Africa,Natural sciences
4358,Kenya,R,Male,Pre-Doc,Pharmacy,Unknown,Unknown,Unknown,Medical and health sciences
7084,Kenya,S,Male,PhD Student,Medicinal Chemistry,"Nazi Boni University, Burkina Faso",Burkina Faso,Western Africa,Medical and health sciences
8849,Mali,R,Male,Pre-Doc,Unknown,"Université des Sciences, des Techniques et des Technologies de Bamako",Mali,Western Africa,Unknown
3158,Kenya,R,Male,Pre-Doc,"Bioinformatics, Zoology, Cell Biology and Genetics","Lagos State University, Nigeria",Nigeria,Western Africa,Natural sciences
1731,Kenya,R,Male,Pre-Doc,Computer Science,"Black Walls Systems and Consultancy, Nigeria",Nigeria,Western Africa,Natural sciences
3674,Kenya,R,Male,PhD Student,Biochemistry,"Ahmadu Bello University, Nigeria",Nigeria,Western Africa,Natural sciences
1588,Kenya,R,Female,Senior Scientist,Biochemistry,"KolaDaisi University, Nigeria",Nigeria,Western Africa,Natural sciences
1383,Kenya,R,Male,Senior Scientist,Biochemistry,"Bowen University, Nigeria",Nigeria,Western Africa,Natural sciences
1280,Cameroon,R,Female,PhD Student,Food and Industrial Microbiology,"University of Yaoundé I, Cameroon",Cameroon,Middle Africa,Natural sciences
4095,Kenya,R,Female,Pre-Doc,Biotechnology,"University Alzaiem Alazhari, Sudan",Sudan,Northern Africa,Engineering and technology
2920,Kenya,S,Female,Pre-Doc,Biotechnology and Medical Laboratory Science,"Kenya Industrial Research Development Institute, Kenya",Kenya,Eastern Africa,Unknown
5538,Kenya,R,Male,Post-Doc,Animal Physiology and Pharmacology,"University of Abomey-calavi, Benin",Benin,Western Africa,Medical and health sciences
8892,Kenya,R,Male,Pre-Doc,Veterinary Science,"Alaanan Veterinary Clinic for Animals, Sudan",Sudan,Northern Africa,Agricultural and veterinary sciences
7637,Kenya,R,Male,Pre-Doc,Microbiology and Molecular Biology,"Darfur Next Generation Organization, Sudan",Sudan,Northern Africa,Natural sciences
7919,Kenya,R,Male,Post-Doc,Computer Science and Biomedical Informatics,"Hokkaido University, Japan",Japan,Eastern Asia,Medical and health sciences
8774,Kenya,S,Male,Pre-Doc,Pharmacy,"Egypt-japanese University for Science and Technology, Egypt",Egypt,Northern Africa,Medical and health sciences
1790,Kenya,S,Male,Pre-Doc,Biotechnology,"Ain Shams University, Egypt",Egypt,Northern Africa,Engineering and technology
3339,Mali,R,Female,Pre-Doc,Environmental Scientist,Target Malaria,Burkina Faso,Western Africa,Natural sciences
1786,Cameroon,R,Male,Senior Scientist,Molecular Biophysics,"University NANGUI ABROGOUA, Ivory Coast",Ivory Coast,Unknown,Natural sciences
1786,Kenya,R,Male,Senior Scientist,Molecular Biophysics,"University Nangui Abrogoua, Ivory Coast",Ivory Coast,Unknown,Natural sciences
1884,Kenya,R,Female,Pre-Doc,Medical Laboratory Science and Infection Prevention and Control,"Khartoum Oncology Hospital, Sudan",Sudan,Northern Africa,Unknown
8987,Kenya,R,Female,Pre-Doc,Medical Microbiology,"University of Bakht Alruda, Sudan",Sudan,Northern Africa,Natural sciences
8144,Kenya,R,Female,Pre-Doc,Medical Laboratory Science and Medical Microbiology,"University of Science and Technology, Omdurman, Sudan",Sudan,Northern Africa,Natural sciences
7184,Kenya,R,Male,Senior Scientist,Cancer Biology,"Cairo University, Egypt",Egypt,Northern Africa,Natural sciences
4511,Mali,R,Male,Senior Scientist,Genomics,"Université des Sciences, des Techniques et des Technologies de Bamako",Mali,Western Africa,Social sciences
2841,Kenya,R,Male,PhD Student,Pharmacology,"Omdurman Islamic University, Sudan",Sudan,Northern Africa,Medical and health sciences
2153,Kenya,R,Female,Pre-Doc,Water Engineering,"Kenya Water Institute, Kenya",Kenya,Eastern Africa,Engineering and technology
2111,Kenya,S,Male,PhD Student,Translational Medicine,"Addis Ababa University, Ethiopia",Ethiopia,Eastern Africa,Medical and health sciences
4682,Kenya,R,Female,Pre-Doc,Medical Laboratory Sciences,Unknown,Unknown,Unknown,Engineering and technology
8044,Kenya,S,Female,Pre-Doc,Vetenary Medecine and Bioinformatics,"University of Sadat City, Egypt",Eygpt,Unknown,Medical and health sciences
2098,Mali,R,Male,Pre-Doc,Pharmacy,"Université des Sciences, des Techniques et des Technologies de Bamako",Mali,Western Africa,Medical and health sciences
7392,Mali,S,Male,Senior Scientist,Molecular Biology,"Université des Sciences, des Techniques et des Technologies de Bamako",Mali,Western Africa,Natural sciences
2416,Mali,R,Male,Post-Doc,Vaccines,"Université des Sciences, des Techniques et des Technologies de Bamako",Mali,Western Africa,Unknown
6161,Kenya,S,Female,Pre-Doc,Bioinformatics and Genomics,"Institut Pasteur De Dakar, Senegal",Senegal,Western Africa,Medical and health sciences
6109,Cameroon,S,Female,Post-Doc,Microbiology,Kwame Nkrumah University of Science and Technology,Ghana,Western Africa,Natural sciences
9700,Cameroon,R,Female,Pre-Doc,Molecular and Medical Microbiology,"University of Abomey- Calavi, Benin",Benin,Western Africa,Natural sciences
9362,Cameroon,R,Female,PhD Student,Inorganic Chemistry,"University of Dschang, Cameroon",Cameroon,Middle Africa,Natural sciences
3259,Cameroon,R,Female,Senior Scientist,Biochemistry,"University of Ilorin, Nigeria",Nigeria,Western Africa,Natural sciences
1729,Cameroon,R,Female,Pre-Doc,Biochemistry,Kwame Nkrumah University of Science and Technology,Ghana,Western Africa,Natural sciences
4679,Cameroon,R,Male,PhD Student,Medical Microbiology,"University of Yaoundé I, Cameroon",Cameroon,Middle Africa,Natural sciences
7305,Kenya,S,Male,Post-Doc,Biomedical Science,"University of Zimbabwe, Zimbabwe",Zimbabwe,Eastern Africa,Medical and health sciences
4659,Kenya,R,Male,Pre-Doc,Life Science Informatics,"Children Cancer Hospital 57357, Egypt",Egypt,Northern Africa,Social sciences
8022,Kenya,R,Male,Senior Scientist,Microbiology and Immunology,"Karary University, Sudan",Sudan,Northern Africa,Natural sciences
3693,Kenya,R,Male,Unknown,Unknown,"Badr University, Egypt",Egypt,Northern Africa,Unknown
2448,Kenya,R,Male,Unknown,Pharmacy,Qatar,Qatar,Western Asia,Medical and health sciences
5112,Mali,S,Male,Post-Doc,Unknown,"Université des Sciences, des Techniques et des Technologies de Bamako",Mali,Western Africa,Unknown
8584,Cameroon,R,Female,PhD Student,Microbiology,"University of Yaoundé I, Cameroon",Cameroon,Middle Africa,Natural sciences
2736,Cameroon,R,Female,PhD Student,Molecular Biology,"Redeemer’s University, Nigeria",Cameroon,Middle Africa,Natural sciences
2736,Kenya,S,Female,PhD Student,Molecular Biology and Genomics,"Redeemer’s University, Nigeria",Nigeria,Western Africa,Natural sciences
7139,Mali,R,Male,Pre-Doc,Medical Laboratory Science,University of Health and Allied Sciences (UHAS),Ghana,Western Africa,Engineering and technology
7116,Cameroon,R,Male,Pre-Doc,Biochemstry,Kwame Nkrumah University of Science and Technology,Ghana,Western Africa,Natural sciences
4189,Mali,R,Male,PhD Student,Pharmacy,"Université des Sciences, des Techniques et des Technologies de Bamako",Mali,Western Africa,Medical and health sciences
9859,Kenya,S,Female,Pre-Doc,Plant Ecology,"Murang’a University of Sciences and Technology, Kenya",Kenya,Eastern Africa,Natural sciences
4131,Mali,R,Male,Senior Scientist,Bioinformatics,"Université des Sciences, des Techniques et des Technologies de Bamako",Mali,Western Africa,Medical and health sciences
4742,Cameroon,S,Male,Phd Student,Biochemistry,"University of Bamenda, Cameroon",Cameroon,Middle Africa,Natural sciences
8660,Cameroon,R,Female,PhD Student,Pharmacognosy,"University of Yaoundé I, Cameroon",Cameroon,Middle Africa,Unknown
5837,Kenya,R,Female,Pre-Doc,"Environmental Science and Technology, Data Science, AI, and Machine learning for Public health","Pwani University, Kenya",Kenya,Eastern Africa,Unknown
7830,Cameroon,R,Female,PhD Student,Pharmacy,"Université des Sciences, des Techniques et des Technologies de Bamako (USTTB), Mali",Mali,Western Africa,Medical and health sciences
7679,Mali,S,Male,Pre-Doc,Crystallography,KU Leuven,The Netherlands,Unknown,Natural sciences
4174,Cameroon,S,Female,Phd Student,Biochemistry,"University of Yaoundé I, Cameroon",Cameroon,Middle Africa,Natural sciences
8267,Cameroon,R,Female,Pre-Doc,Biochemistry,Kwame Nkrumah University of Science and Technology,Ghana,Western Africa,Natural sciences
8098,Kenya,S,Male,Pre-Doc,"Veterinary Medicine, Vaccine Production and Quality Control","Pan African University Life and Earth Sciences Institute (including Health and Agriculture), Nigeria",Nigeria,Western Africa,Unknown
7172,Kenya,R,Male,Pre-Doc,Biochemistry,"Covenant University, Nigeria",Nigeria,Western Africa,Natural sciences
7506,Kenya,R,Male,PhD Student,Zoology,"University of Douala, Cameroon and CRID, Cameroon",Cameroon,Middle Africa,Natural sciences
7506,Cameroon,R,Male,Phd Student,Zoology,"University of Douala, Cameroon",Cameroon,Middle Africa,Natural sciences
8150,Kenya,R,Male,Pre-Doc,Biotechnology and Laboratory Sciences,Kenyatta University,Kenya,Eastern Africa,Unknown
7208,Kenya,S,Male,Senior Scientist,Molecular Cell Biology and Virology,"Botswana International University of Science And Technology, Botswana",Botswana,Southern Africa,Natural sciences
7208,Cameroon,R,Male,Senior Scientist,Molecular Cell Biology & Virology,Botswana International University of Science and Technology,Botswana,Southern Africa,Natural sciences
2397,Cameroon,S,Male,PhD Student,Molecular and Cellular Biology,Centre Pasteur Cameroon,Cameroon,Middle Africa,Natural sciences
2530,Cameroon,R,Male,Pre-Doc,Biochemistry,"CRID (Centre for research in infectious diseases), Cameroon",Cameroon,Middle Africa,Natural sciences
8886,Kenya,R,Female,Pre-Doc,"Applied Bioengineering, Biophysics and Quantitative Biotechnology","Universidad de Zaragoza, Spain",Spain,Southern Europe,Natural sciences
5166,Kenya,R,Male,Pre-Doc,Biochemistry,"International University of Science and Technology, Palapye, Botswana",Botswana,Southern Africa,Natural sciences
7362,Mali,R,Female,Pre-Doc,Structural Biology,"Université des Sciences, des Techniques et des Technologies de Bamako",Mali,Western Africa,Natural sciences
6738,Kenya,R,Female,Pre-Doc,Medicine,Unknown,Unknown,Unknown,Medical and health sciences
2361,Kenya,S,Female,PhD Student,"Molecular Biology, Biochemistry and Bioinformatics","University of Sadat City, Egypt",Egypt,Northern Africa,Natural sciences
5159,Kenya,S,Female,PhD Student,Health Sciences and Pharmacology,"University of Dschang, Cameroon",Cameroon,Middle Africa,Medical and health sciences
5159,Cameroon,R,Female,Post-Doc,Biochemistry and Pharmacology,"Université de Dschang, Cameroon",Cameroon,Middle Africa,Natural sciences
3265,Mali,R,Male,Pre-Doc,Structural Biology,"Université des Sciences, des Techniques et des Technologies de Bamako",Mali,Western Africa,Natural sciences
5692,Kenya,R,Male,Pre-Doc,Biochemistry and Medical Laboratory Technology,"Niger Delta University, Nigeria",Nigeria,Western Africa,Engineering and technology
3727,Mali,R,Female,Post-Doc,"Structural Biology, Bioinformatics",KEMRI Centre for Geographic Medical Research,Kenya,Eastern Africa,Natural sciences
2229,Cameroon,R,Male,Pre-Doc,Biological Sciences,Kwame Nkrumah University of Science and Technology,Ghana,Western Africa,Natural sciences
4874,Kenya,S,Female,PhD Student,Genetics and Biotechnology,"University of Calabar, Nigeria",Nigeria,Western Africa,Engineering and technology
3213,Kenya,S,Female,Pre-Doc,Human Genetics and Biotechnology,"Univeristy of Calabar, Nigeria",Nigeria,Western Africa,Unknown
4070,Kenya,R,Male,Pre-Doc,Pharmacy,"Genomac Institute incorporated, Nigeria",Nigeria,Western Africa,Medical and health sciences
7011,Kenya,R,Male,Post-Doc,Chemical Biology and Bioinorganic Chemistry,"Nnamdi Azikiwe University, Nigeria",Nigeria,Western Africa,Natural sciences
7011,Cameroon,R,Male,PhD Student,Chemical Biology and Bioinorganic Chemistry,"Nnamdi Azikiwe University, Nigeria.",Nigeria,Western Africa,Natural sciences
7896,Kenya,S,Male,Post-Doc,Molecular Pharmacology and Pharmacy,"United States International University-africa, Kenya",Kenya,Eastern Africa,Medical and health sciences
1996,Cameroon,R,Female,PhD Student,Biochemistry,"Federal University, Nigeria",Nigeria,Western Africa,Natural sciences
7809,Kenya,R,Male,Senior Scientist,Physical Chemistry,"Federal University Wukari, Nigeria",Nigeria,Western Africa,Natural sciences
3128,Cameroon,S,Female,Pre-Doc,Biochemistry,Kwame Nkrumah University of Science and Technology,Ghana,Western Africa,Natural sciences
1231,Cameroon,R,Female,Pre-Doc,Biochemistry,Kwame Nkrumah University of Science and Technology,Ghana,Western Africa,Natural sciences
8607,Kenya,S,Male,Pre-Doc,Molecular Biology and Bioinformatics,"Jomo Kenyatta University of Agriculture and technology, Kenya & west African Centre For Cell Biology of Infectious pathogens, Ghana","Kenya, Ghana",Unknown,Natural sciences
5341,Mali,R,Female,Pre-Doc,Unknown,"Université des Sciences, des Techniques et des Technologies de Bamako",Mali,Western Africa,Unknown
3988,Kenya,R,Female,Pre-Doc,"Zoology, Biochemistry and Physiology","Travel Agencies, Sudan",Sudan,Northern Africa,Medical and health sciences
4010,Cameroon,S,Female,PhD Studnet,Bioinformatics,"Université des Sciences, des Techniques et des Technologies de Bamako (USTTB), Mali",Mali,Western Africa,Medical and health sciences
4597,Cameroon,R,Male,Post-Doc,Biochemistry,"Prince Abubakar Audu University, Nigeria",Nigeria,Western Africa,Natural sciences
2523,Mali,R,Female,Pre-Doc,"Molecular Biology, Bioinformatics",Kenya Institute of Primate Research,Kenya,Eastern Africa,Natural sciences
3865,Cameroon,R,Male,Unknown,Clinical Biochemistry,"University of Douala, Cameroon",Cameroon,Middle Africa,Medical and health sciences
2402,Cameroon,R,Male,Pre-Doc,Biochemistry,"University of Douala, Cameroon",Cameroon,Middle Africa,Natural sciences
2255,Cameroon,R,Female,PhD Student,Parasitology,"University of Yaoundé I, Cameroon",Cameroon,Middle Africa,Medical and health sciences
1573,Cameroon,R,Female,Pre-Doc,Biochemistry,"Federal University of Technology, Nigeria",Nigeria,Western Africa,Natural sciences
9136,Kenya,S,Male,Pre-Doc,Bioinformatics,"Makerere University, Uganda",Uganda,Eastern Africa,Medical and health sciences
4814,Cameroon,R,Male,PhD Student,Applied Biochemistry,"The Federal University of Technology, Akure, Nigeria",Nigeria,Western Africa,Natural sciences
8129,Kenya,R,Male,Pre-Doc,Biomedical Engineering and Medecine,"Niger Delta University, Nigeria",Nigeria,Western Africa,Engineering and technology
8101,Cameroon,R,Male,Pre-Doc,Condensed Matter Physics,"ITMO University, Russia",Russia,Unknown,Natural sciences
6042,Kenya,R,Female,Senior Scientist,Pharmaceutical Sciences,"National Research Centre Cairo, Egypt",Egpyt,Unknown,Social sciences
9776,Kenya,S,Male,PhD Student,Bioinformatics,"Makerere University, uganda",Uganda,Eastern Africa,Medical and health sciences
1088,Mali,R,Male,Pre-Doc,Structural Biology,Aligarh Muslim University,India,Southern Asia,Natural sciences
5777,Kenya,S,Male,Pre-Doc,Organic Chemistry,"University of Zambia, Zambia",Zambia,Eastern Africa,Natural sciences
3772,Cameroon,R,Male,Pre-Doc,Biochemistry,"University of Buea, Cameroon",Cameroon,Middle Africa,Natural sciences
5503,Cameroon,R,Male,PhD Student,Medical Microbiology,"University of Yaoundé I, and CRID (Centre for research in infectious diseases), Cameroon",Cameroon,Middle Africa,Natural sciences
6128,Kenya,S,Female,Pre-Doc,Medical and Molecular Microbiology,"University of Abomey-calavi, Benin",Benin,Western Africa,Natural sciences
3925,Cameroon,R,Male,Senior Scientist,Bioinformatics,"Farhat Hached University Hospital, Tunisia",Tunisia,Northern Africa,Medical and health sciences
4926,Kenya,R,Female,Pre-Doc,Biochemistry and Genetic in Health,"Health Center Saint Camille Davougon, Benin",Benin,Western Africa,Unknown
1008,Kenya,R,Male,PhD Student,Medicinal Plants Research and Drug Development,"University of Abomey-calavi, Benin",Benin,Western Africa,Medical and health sciences
1008,Kenya,R,Male,PhD Student,Plant Sciences and Pharmacopoeia,"University of Abomey-calavi, Benin",Benin,Western Africa,Natural sciences
8497,Kenya,R,Male,Pre-Doc,Pharmacy,"Amriya Pharmaceuticals, Egypt",Egypt,Northern Africa,Medical and health sciences
7390,Cameroon,R,Male,PhD Student,Microbiology,"Federal University of Technology Minna, Nigeria",Nigeria,Western Africa,Natural sciences
7057,Kenya,R,Female,Senior Scientist,Organic Chemistry,"University of Bahri, Sudan",Sudan,Northern Africa,Natural sciences
1557,Kenya,S,Female,Senior Scientist,Pharmacognosy,"Nnamdi Azikiwe University, Nigeria",Nigeria,Western Africa,Unknown
6907,Cameroon,S,Female,Pre-Doc,Medical Biochemistry,"Kenyatta University, Kenya",Kenya,Eastern Africa,Medical and health sciences
8618,Kenya,R,Male,PhD Student,Human Biology and Pathology,"Institut Pasteur De Dakar, Senegal",Senegal,Western Africa,Medical and health sciences
8618,Cameroon,R,Male,PhD Student,Microbiology,"Cheikh Anta Diop University and Institut Pasteur de Dakar, Senegal",Senegal,Western Africa,Natural sciences
3383,Kenya,S,Male,Pre-Doc,Computational Chemistry and Computational Biology,"University of Dar Es Salaam, Tanzania",Tanzania,Unknown,Natural sciences
1807,Kenya,S,Male,Pre-Doc,Molecular Biomedical Engineering,Nelson Mandela African Institution of Science and Technology,Tanzania,Unknown,Engineering and technology
3953,Kenya,S,Male,Pre-Doc,Molecular Cell Biology and Bioinformatics,"University of Nairobi, Kenya",Kenya,Eastern Africa,Natural sciences
1797,Kenya,R,Male,Pre-Doc,Medical Laboratory Science,Unknown,Unknown,Unknown,Engineering and technology
4258,Kenya,R,Male,Post-Doc,Biochemical Toxicology,"Federal University Otuoke, Nigeria",Nigeria,Western Africa,Medical and health sciences
4258,Cameroon,S,Male,Senior Scientist,Biochemical Toxicology,"Federal University Otuoke, Nigeria",Nigeria,Western Africa,Medical and health sciences
4141,Kenya,S,Male,PhD Student,"Molecular Biology, Biotechnology, and Bioinformatics","Makerere University, Uganda",Uganda,Eastern Africa,Natural sciences
3172,Kenya,S,Female,Post-Doc,Microbiology and Medical Laboratory Science,"Mcpherson University, nigeria",Nigeria,Western Africa,Natural sciences
5302,Mali,R,Male,PhD Student,Bioinformatics,"Université des Sciences, des Techniques et des Technologies de Bamako",Mali,Western Africa,Medical and health sciences
4726,Kenya,S,Male,Pre-Doc,Biotechnology and Bioinformatics,"Kenyatta University, Kenya",Kenya,Eastern Africa,Engineering and technology
5216,Cameroon,R,Male,Pre-Doc,Biochemistry,"University of Buea, Cameroon",Cameroon,Middle Africa,Natural sciences
1077,Cameroon,R,Male,Phd Student,Molecular Cell Biology,"University of Douala, Cameroon",Cameroon,Middle Africa,Natural sciences
9443,Kenya,S,Male,Pre-Doc,Computer Science and Health Science,Noguchi Memorial Institute for Medical Research,Ghana,Western Africa,Natural sciences
8236,Cameroon,R,Male,PhD Student,Biochemistry and Microbiology,"Université Nazi BONI de Bobo-Dioulasso, Burkina Faso",Burkina Faso,Western Africa,Natural sciences
1805,Kenya,S,Male,Post-Doc,"Medicine, Biomedical Sciences, and Bioinformatics","Supranational Reference Laboratory, Uganda",Uganda,Eastern Africa,Social sciences
5844,Kenya,R,Male,PhD Student,Computer Science,"Makerere University, Uganda",Uganda,Eastern Africa,Natural sciences
6507,Kenya,S,Male,Pre-Doc,Biological Sciences and Biotechnology,Botswana International University of Science and Technology,Botswana,Southern Africa,Natural sciences
8580,Cameroon,R,Male,PhD Student,Biochemistry,"University of Yaoundé I, Cameroon",Cameroon,Middle Africa,Natural sciences
8015,Kenya,R,Male,Pre-Doc,Microbiology,"University of Science, technical and Technology of Bamako, Mali",Mali,Western Africa,Natural sciences
8015,Cameroon,R,Male,Pre-Doc,Applied Microbiology & Biotechnology,"Université des Sciences, des Techniques et des Technologies de Bamako (USTTB), Mali",Mali,Western Africa,Natural sciences
8756,Kenya,S,Male,Pre-Doc,Biotechnology,"Kenyatta University, Kenya",Kenya,Eastern Africa,Engineering and technology
5900,Kenya,S,Female,PhD Student,Materials Chemistry,"University of Dschang, Cameroon",Cameroon,Middle Africa,Medical and health sciences
5900,Cameroon,R,Female,PhD Student,Materials Chemistry,"University of Dschang, Cameroon",Cameroon,Middle Africa,Medical and health sciences
1854,Cameroon,R,Female,Post-Doc,Biochemistry,"Federal University of Technology, Nigeria",Nigeria,Western Africa,Natural sciences
5668,Kenya,R,Female,Pre-Doc,Medicine,"Al Shifa Hospital, kingdom of Saudi Arabia",Sudan,Northern Africa,Medical and health sciences
2477,Mali,R,Female,Post-Doc,Structural Biology,International Centre for Genetic Engineering and Biotechnology,Italy,Southern Europe,Natural sciences
5236,Cameroon,S,Male,Post-Doc,Molecular Biology,"University of Douala, Cameroon",Cameroon,Middle Africa,Natural sciences
4504,Cameroon,R,Male,Pre-Doc,Biochemistry and Microbiology,"Université des Sciences, des Techniques et des Technologies de Bamako (USTTB), Mali",Mali,Western Africa,Natural sciences
4504,Kenya,S,Male,Pre-Doc,Entomology and Parasitology,"University of Science, technical and Technology of Bamako, Mali",Mali,Western Africa,Medical and health sciences
8012,Cameroon,R,Male,Pre-Doc,Biotechnology and Molecular Biology,"University of Buea, Cameroon",Cameroon,Middle Africa,Natural sciences
6521,Kenya,R,Female,Senior Scientist,Genetics and Cell Biology,"Univeristy of Calabar, Nigeria",Nigeria,Western Africa,Natural sciences
5993,Kenya,S,Male,Post-Doc,"Biochemistry, Microbiology, and Pharmacology","University of Abomey-Calavi, Benin",Benin,Western Africa,Natural sciences
2795,Cameroon,S,Female,Post-Doc,Biochemistry,"CRID (Centre for research in infectious diseases), Cameroon",Cameroon,Middle Africa,Natural sciences
9795,Kenya,S,Male,PhD Student,"Molecular Biology, Biochemistry and Molecular Parasitology","University Félix Houphouët Boigny, Ivory Coast",Ivory Coast,Unknown,Medical and health sciences
2577,Kenya,S,Female,Pre-Doc,Molecular Biology and Biotechnology,"Nelson Mandela – African Institution of Science and Technology, Tanzania",Tanzania,Unknown,Natural sciences
7434,Cameroon,R,Male,Post-Doc,Parasitology and Biotechnology,"University of Douala, Cameroon",Cameroon,Middle Africa,Medical and health sciences
5197,Kenya,S,Male,PhD Student,Molecular and Cellular Biolog,"Institute of Agricultural Research for Development (IRAD), Cameroon & University of Douala, Cameroon",Cameroon,Middle Africa,Unknown
4685,Kenya,R,Female,Pre-Doc,Medical Laboratory Sciences,"Health and Laboratory Consultations, Saudi Arabia",Saudi Arabia,Western Asia,Engineering and technology
9897,Kenya,S,Male,Pre-Doc,Biochemistry,"South Valley University, Egypt",Egyp,Unknown,Natural sciences
4172,Mali,S,Male,Post-Doc,Unknown,Unknown,Unknown,Unknown,Unknown
9733,Kenya,R,Male,Pre-Doc,Pharmacy,"University of Gezira, Sudan",Sudan,Northern Africa,Medical and health sciences
2430,Cameroon,S,Male,Senior Scientist,Biochemistry,Botswana International University of Science and Technology,Botswana,Southern Africa,Natural sciences
6266,Kenya,R,Female,Pre-Doc,Electrical and Electronics Engineering (Power Options),Meru University of Science and Technology,Kenya,Eastern Africa,Engineering and technology
2297,Cameroon,R,Female,PhD Student,Animal Biology,"University of Yaoundé I, Cameroon",Cameroon,Middle Africa,Natural sciences
2484,Cameroon,R,Female,Post-Doc,Biochemistry,"CRID (Centre for research in infectious diseases), Cameroon",Cameroon,Middle Africa,Natural sciences
3087,Cameroon,R,Female,Pre-Doc,Biochemistry,"CRID (Centre for research in infectious diseases), Cameroon",Cameroon,Middle Africa,Natural sciences
4394,Cameroon,R,Male,PhD Student,Population Genetics,"Cheikh Anta Diop University and Institut Pasteur de Dakar, Senegal",Senegal,Western Africa,Medical and health sciences
5758,Kenya,R,Female,Pre-Doc,"Medical Laboratory Sciences, Medical Parasitology and Bioinformatics","University of Science and Technology, Science, Sudan",Sudan,Northern Africa,Medical and health sciences
1318,Kenya,R,Female,Pre-Doc,Pharmacy,"Makerere University, Uganda",Uganda,Eastern Africa,Medical and health sciences
4155,Kenya,R,Male,Pre-Doc,Aeronautical Engineering,"Sudanese Red Crescent Society, Sudan",Sudan,Northern Africa,Engineering and technology
2656,Kenya,R,Male,Pre-Doc,Medicine,"Sudan International University, Sudan",Sudan,Northern Africa,Medical and health sciences
9122,Mali,R,Male,Pre-Doc,Structural Biology,"Université des Sciences, des Techniques et des Technologies de Bamako",Mali,Western Africa,Natural sciences
4594,Kenya,S,Male,Pre-Doc,Pharmacy,"Egypt-japanese University for Science and Technology, Egypt",Egypt,Northern Africa,Medical and health sciences
4335,Kenya,R,Male,Senior Scientist,Bioinformatics,"University of Sadat City, Egypt",Egypt,Northern Africa,Medical and health sciences
4376,Cameroon,R,Male,Pre-Doc,Biochemistry,Kwame Nkrumah University of Science and Technology,Ghana,Western Africa,Natural sciences
9262,Cameroon,R,Male,Post-Doc,Virology and Immunology,"Institut Pasteur de Dakar, Senegal",Senegal,Western Africa,Medical and health sciences
1373,Mali,R,Male,Pre-Doc,"Bioinformatics, Biochemistry","Université des Sciences, des Techniques et des Technologies de Bamako",Mali,Western Africa,Natural sciences
4252,Kenya,R,Male,Post-Doc,Biochemistry and Molecular Biology,"University of Bakht alruda, Sudan",Sudan,Northern Africa,Natural sciences
7224,Kenya,S,Male,Pre-Doc,Health Biotechnology,"National Veterinary Institute, Kenya",Kenya,Eastern Africa,Natural sciences
5187,Kenya,R,Male,Senior Scientist,Biochemistry,"Bayero University, Nigeria",Nigeria,Western Africa,Natural sciences
8699,Kenya,R,Male,Pre-Doc,Medical Laboratory Science,"Alfira New West Medical Center, Sudan",Sudan,Northern Africa,Engineering and technology
4422,Kenya,S,Male,PhD Student,Bioinformatics,"Makerere University, Uganda",Uganda,Eastern Africa,Medical and health sciences
6314,Kenya,R,Male,Pre-Doc,Molecular Microbiology and Biology,"Northeast Forestry University, China",China,Eastern Asia,Natural sciences
7580,Kenya,S,Female,Pre-Doc,Biotechnology and Bioinformatics,"Makerere University, Uganda",Uganda,Eastern Africa,Engineering and technology
7424,Kenya,R,Male,Pre-Doc,Biochemistry,Unknown,Unknown,Unknown,Natural sciences
9988,Kenya,S,Male,Pre-Doc,Veterinary Vaccine Production and Quality Control,"Livestock Research institute for Development, Tchad",Tchad,Unknown,Unknown
1571,Cameroon,R,Male,Unknown,Biochemistry,Kwame Nkrumah University of Science and Technology,Ghana,Western Africa,Natural sciences
1571,Kenya,S,Male,Pre-Doc,Biochemistry,Kwame Nkrumah University of Science and Technology,Ghana,Western Africa,Natural sciences
1289,Cameroon,S,Female,PhD Student,Biochemistry,"University of Buea and CRID (Centre for research in infectious diseases), Cameroon",Cameroon,Middle Africa,Natural sciences
8667,Kenya,S,Female,PhD Student,Medical Biotechnology and Human Genetics,"University of Calabar, Nigeria",Nigeria,Western Africa,Unknown
2803,Cameroon,R,Female,Pre-Doc,Molecular Biology and Biotechnology,"University of Buea and CRID (Centre for research in infectious diseases), Cameroon",Cameroon,Middle Africa,Natural sciences
3305,Cameroon,S,Female,Pre,Biochemistry (Pharmacology),"University of Dschang, Cameroon",Cameroon,Middle Africa,Natural sciences
7215,Kenya,S,Male,PhD Student,Animal Physiology and Pharmacology,"University of Yaounde I, Cameroon",Cameroon,Middle Africa,Medical and health sciences
1782,Kenya,R,Male,Senior Scientist,Biochemistry and Virology,"University of the Free State, south Africa",South Africa,Southern Africa,Natural sciences
1782,Cameroon,R,Male,Senior Scientist,Biochemistry and Structural Biology,"University of the Free State, South Africa",South Africa,Southern Africa,Natural sciences
1328,Cameroon,R,Female,PhD Student,Parasitology,"University of Yaoundé I, Cameroon",Cameroon,Middle Africa,Medical and health sciences
5606,Kenya,S,Female,Post-Doc,Biochemistry,"University of Benin, Nigeria",Nigeria,Western Africa,Natural sciences
8474,Kenya,S,Female,Pre-Doc,Biochemistry and Molecular Biology,Jomo Kenyatta University of Agriculture and Technology,Kenya,Eastern Africa,Natural sciences
4906,Kenya,R,Male,Pre-Doc,Computer Science and Information Technology,"Egypt-japanese University for Science and Technology, Egypt",Egypt,Northern Africa,Natural sciences
1717,Kenya,S,Male,PhD Student,Bioinformatics,"Makerere University, Uganda",Uganda,Eastern Africa,Medical and health sciences
9074,Cameroon,R,Female,Pre-Doc,Biochemistry,"CRID (Centre for research in infectious diseases), Cameroon",Cameroon,Middle Africa,Natural sciences
2260,Kenya,R,Female,Post-Doc,Pharmacy,"Burundi Central Medical Store (CAMEBU), Burundi",Burundi,Eastern Africa,Medical and health sciences
1726,Mali,R,Male,Pre-Doc,"Structural Biology, Physiology",Ministère des Enseignements Secondaires,Cameroon,Middle Africa,Medical and health sciences
3474,Kenya,R,Male,Senior Scientist,Veterinary Medicine,"University of Ibadan, Nigeria",Nigeria,Western Africa,Agricultural and veterinary sciences
3474,Cameroon,R,Male,Senior Scientist,Veterinary Pharmacology,"University of Ibadan, Nigeria",Nigeria,Western Africa,Medical and health sciences
6114,Kenya,S,Male,Pre-Doc,Biochemistry,Kwame Nkrumah University of Science and Technology,Ghana,Western Africa,Natural sciences
6114,Cameroon,R,Male,Pre-Doc,Biochemistry,Kwame Nkrumah University of Science and Technology,Ghana,Western Africa,Natural sciences
1190,Cameroon,S,Female,Pre-Doc,Biochemistry,"University of Buea, Cameroon",Cameroon,Middle Africa,Natural sciences
6457,Cameroon,R,Male,Pre-Doc,Medical Laboratory Sciences,"Kampala capital city authority, Uganda",Uganda,Eastern Africa,Engineering and technology
7762,Kenya,R,Male,Post-Doc,Biochemistry,"Ace Medicare Clinics, Nigeria",Nigeria,Western Africa,Natural sciences
1351,Kenya,S,Female,Pre-Doc,Biochemistry,"Federal University Oye Ekiti, Nigeria",Nigeria,Western Africa,Natural sciences
7380,Kenya,R,Male,Pre-Doc,Medical Laboratory Science and Medical Microbiology,"Lagos State College Of Health Technology, Nigeria",Nigeria,Western Africa,Natural sciences
9190,Kenya,R,Male,Senior Scientist,Veterinary Medecine,"Ministry of Agriculture, Nigeria",Nigeria,Western Africa,Agricultural and veterinary sciences
1148,Cameroon,S,Male,Senior Scientist,Biochemistry,"University of Ibadan, Nigeria",Nigeria,Western Africa,Natural sciences
2438,Cameroon,R,Male,PhD Student,Bioinformatics,"Redeemer’s University, Nigeria",Nigeria,Western Africa,Medical and health sciences
3895,Kenya,R,Male,PhD Student,Industrial Chemistry,"Covenant University, Nigeria",Nigeria,Western Africa,Natural sciences
7003,Kenya,R,Male,Phd Student,Microbiology,"Federal University Oye-ekiti, Nigeria",Nigeria,Western Africa,Natural sciences
3508,Kenya,R,Male,PhD Student,Biochemistry,"Crescent University, Nigeria & University of Ghana, Ghana",Ghana,Western Africa,Natural sciences
1475,Kenya,S,Female,Post-Doc,Biochemistry,"University of Benin, Nigeria",Nigeria,Western Africa,Natural sciences
4634,Cameroon,R,Male,Post-Doc,Pharmacy,"University of Buea, Cameroon",Cameroon,Middle Africa,Medical and health sciences
7749,Cameroon,R,Female,Pre-Doc,Microbiology and Public Health,"Kenyatta University, Kenya",Kenya,Eastern Africa,Natural sciences
7429,Kenya,S,Male,Pre-Doc,Biochemistry and Pharmaceutical Microbiology,"Kwame Nkrumah University of Science And Technology, Ghana",Ghana,Western Africa,Natural sciences
7543,Kenya,S,Female,PhD Student,Human Genetics,"University of Calabar, Nigeria",Nigeria,Western Africa,Natural sciences
2608,Kenya,S,Male,Pre-Doc,Bioinformatics,"African Center of Excellence in Bioinformatics And Data Science of Bamako, Mali",Mali,Western Africa,Medical and health sciences
2608,Cameroon,R,Male,Pre-Doc,Bioinformatics,"Université des Sciences, des Techniques et des Technologies de Bamako (USTTB), Mali",Mali,Western Africa,Medical and health sciences
1167,Kenya,S,Male,Post-Doc,"Public Health, Microbiology and Biochemistry","Institut Pasteur De Dakar, Senegal",Senegal,Western Africa,Natural sciences
1424,Kenya,R,Male,Unknown,Vaccinology,"Ministry of Health, gambia",Gambia,Western Africa,Natural sciences
4474,Kenya,R,Female,Senior Scientist,Medical Laboratory Science,"Lagos State Ministry of Health, Nigeria",Nigeria,Western Africa,Engineering and technology
9145,Mali,R,Male,Pre-Doc,Microbiology,Acharya Prafulla Chandra College,India,Southern Asia,Natural sciences
3719,Kenya,S,Female,PhD Student,Medical Microbiology,Jomo Kenyatta University of Agriculture and Technology,Kenya,Eastern Africa,Natural sciences
4768,Kenya,S,Female,Post-Doc,Medical Virology,"Kenyatta University, Kenya",Kenya,Eastern Africa,Natural sciences
9704,Mali,R,Female,Pre-Doc,Unknown,Acharya Prafulla Chandra College,India,Southern Asia,Unknown
2196,Cameroon,R,Male,Pre-Doc,Biochemistry,"University of Ghana, Ghana",Ghana,Western Africa,Natural sciences
2196,Kenya,R,Male,Pre-Doc,Virology,Noguchi Memorial Institute for Medical Research,Ghana,Western Africa,Natural sciences
4705,Mali,R,Female,Pre-Doc,Unknown,Korle-Bu Teaching Hospital (KBTH),Ghana,Western Africa,Unknown
8573,Mali,S,Male,PhD Student,Structural Biology,"Université des Sciences, des Techniques et des Technologies de Bamako",Mali,Western Africa,Natural sciences
4581,Kenya,S,Female,Pre-Doc,Computer Sciences,"African Center Of Excellence in Bioinformatics and Data Intensive Sciences, Uganda",Uganda,Eastern Africa,Natural sciences
3065,Kenya,R,Female,Pre-Doc,Microbiology and Immunology,"Egyptian Drug Authority, Egypt",Egypt,Northern Africa,Natural sciences
8139,Kenya,S,Male,PhD Student,Crop Science,Nelson Mandela African Institution of Science and Technology,Tanzania,Unknown,Medical and health sciences
3587,Mali,R,Male,Pre-Doc,Medicine,University of Ghana,Ghana,Western Africa,Medical and health sciences
9906,Kenya,S,Female,Pre-Doc,Chemoinformatics,"Covenant University, Nigeria",Nigeria,Western Africa,Social sciences
8544,Mali,R,Male,PhD Student,Structural Biology,KEMRI Centre for Geographic Medical Research,Kenya,Eastern Africa,Natural sciences
1199,Cameroon,S,Male,Post-Doc,Clinical Biochemistry and Molecular Parasitology,"University of Dschang, Cameroon",Cameroon,Middle Africa,Medical and health sciences
6285,Kenya,S,Female,Pre-Doc,"Biochemistry, Infectious Diseases and Vaccinology","Jomo Kenyatta University, Kenya",Kenya,Eastern Africa,Medical and health sciences
8116,Kenya,R,Female,Pre-Doc,Medical Laboratory Science,"University of Nairobi, Kenya",Kenya,Eastern Africa,Engineering and technology
7160,Cameroon,S,Female,PhD Student,Biomedical Sciences,"Cheikh Anta Diop University and Institut Pasteur de Dakar, Senegal",Senegal,Western Africa,Medical and health sciences
1420,Kenya,R,Female,Unknown,Pharmacy and Vetenary Medecine,"Aboolabbas Pharmacy, Sudan",Sudan,Northern Africa,Unknown
8436,Kenya,R,Male,Pre-Doc,Tropical Animal Health,"-, Saudi Arabia",Saudi Arabia,Western Asia,Unknown
1283,Cameroon,R,Male,Post-Doc,Organic Chemistry,"Prince Abubakar Audu University, Nigeria",Nigeria,Western Africa,Natural sciences
2207,Cameroon,R,Male,Pre-Doc,Microbiology,"Université des Sciences, des Techniques et des Technologies de Bamako (USTTB), Mali",Mali,Western Africa,Natural sciences
9510,Cameroon,R,Male,Pre-Doc,Computational Chemistry,"Federal University of Wukari, Nigeria",Nigeria,Western Africa,Medical and health sciences
9510,Kenya,R,Male,Pre-Doc,Physical Chemistry,"Federal University Wukari, Nigeria",Nigeria,Western Africa,Natural sciences
4053,Mali,R,Male,Unknown,Agricultural Sciences,Department of Agriculture,India,Southern Asia,Agricultural and veterinary sciences
5348,Cameroon,S,Male,Post-Doc,Molecular and Medical Microbiology,"University of Abomey- Calavi, Benin",Benin,Western Africa,Natural sciences
6341,Kenya,R,Male,Post-Doc,Biochemistry,"University of Buea, Cameroon and University Hospital Bonn, Germany","Germany, Cameroon",Unknown,Natural sciences
2908,Kenya,R,Male,Post-Doc,Molecular Biology,"Institut Pasteur De Dakar, Senegal",Senegal,Western Africa,Natural sciences
9639,Mali,S,Female,Post-Doc,Unknown,University of Cambridge,United Kingdom,Unknown,Unknown
1449,Mali,R,Male,Pre-Doc,Unknown,Pondicherry University,India,Southern Asia,Unknown
6237,Kenya,R,Male,PhD Student,Microbiology,"Vellore Institute of Technology, India",India,Southern Asia,Natural sciences
7885,Cameroon,R,Male,Unknown,Animal Bioloy and Parasitology,"Cheikh Anta Diop University de Dakar, Senegal",Senegal,Western Africa,Medical and health sciences
1385,Kenya,S,Male,PhD Student,Molecular Biology,"Makerere University, Uganda",Uganda,Eastern Africa,Natural sciences
5760,Kenya,S,Male,PhD Student,Organic Chemistry,"University of Yaounde I, Cameroon",Cameroon,Middle Africa,Natural sciences
7756,Kenya,S,Female,Post-Doc,"Molecular Biology, Genetics and Biotechnology","University of Calabar, Nigeria",Nigeria,Western Africa,Natural sciences
3658,Cameroon,R,Male,PhD Student,Biochemistry,"University of Bamenda and CRID (Centre for research in infectious diseases), Cameroon",Cameroon,Middle Africa,Natural sciences
3658,Kenya,R,Male,PhD Student,Biochemistry and Molecular Biology,"University of Bamenda, Cameroon & Centre for Research in Infectious Diseases, Cameroon",Cameroon,Middle Africa,Natural sciences
8817,Kenya,S,Male,Pre-Doc,Cellular and Molecular Biology,"University of Douala, Cameroon",Cameroon,Middle Africa,Natural sciences
6048,Cameroon,R,Male,Pre-Doc,Biochemistry,"University of Buea, Cameroon",Cameroon,Middle Africa,Natural sciences
6374,Kenya,S,Male,PhD Student,Biological Sciences & Biotechnology,"Botswana International University of Science & Technology (BIUST), Botswana",Botswana,Southern Africa,Natural sciences
2648,Kenya,R,Male,PhD Student,Organic chemistry,"University of Yaounde I, Cameroon",Cameroon,Middle Africa,Natural sciences
9799,Cameroon,R,Male,Pre-Doc,Biochemistry,"University of Buea, Cameroon",Cameroon,Middle Africa,Natural sciences
9765,Cameroon,S,Male,PhD Student,Biochemistry,"CRID (Centre for research in infectious diseases), Cameroon",Cameroon,Middle Africa,Natural sciences
5647,Cameroon,S,Female,PhD Student,Biochemistry,"University of Buea and CRID (Centre for research in infectious diseases), Cameroon",Cameroon,Middle Africa,Natural sciences
9326,Kenya,S,Female,Pre-Doc,Bioinformatics and Biotechnology,"Addis Ababa University, Ethiopia",Ethiopia,Eastern Africa,Engineering and technology
8441,Cameroon,R,Male,Post-Doc,Biochemistry,"University of Dschang, Cameroon",Cameroon,Middle Africa,Natural sciences
7832,Cameroon,R,Male,PhD Student,Microbiology,"University of Abomey-Calavi, Benin",Benin,Western Africa,Natural sciences
3456,Kenya,S,Male,Pre-Doc,Biotechnology and Bioinformatics,"Addis Ababa University, Ethiopia",Ethiopia,Eastern Africa,Engineering and technology
9747,Kenya,R,Male,Pre-Doc,Biochemistry,"Federal University Of Technology, Akure, Nigeria",Nigeria,Western Africa,Natural sciences
6927,Mali,R,Male,Pre-Doc,Unknown,Ladoke Akintola University of Technology,Nigeria,Western Africa,Unknown
7904,Kenya,S,Female,PhD Student,Membrane Biochemistry and Biotechnology,"University Of Ibadan, Nigeria",Nigeria,Western Africa,Natural sciences
2326,Kenya,S,Male,PhD Student,Biochemistry,"University of Johannesburg, South Africa",South Africa,Southern Africa,Natural sciences
2150,Mali,R,Male,Post-Doc,Biochemistry,University of Uyo,Nigeria,Western Africa,Natural sciences
8856,Mali,R,Female,Post-Doc,Biochemistry,University of Uyo,Nigeria,Western Africa,Natural sciences
9309,Cameroon,R,Female,Pre-Doc,Biochemistry,"Federal University Otuoeke, Nigeria",Nigeria,Western Africa,Natural sciences
7336,Kenya,R,Male,Post-Doc,Pharmacognosy,"Hussaini Adamu Federal Polytechnic, nigeria",Nigeria,Western Africa,Unknown
9459,Cameroon,R,Female,PhD Student,Biochemistry and Molecular Biology,"CRID (Centre for research in infectious diseases), Cameroon",Cameroon,Middle Africa,Natural sciences
9459,Kenya,S,Female,PhD Student,Medical Entomoloy and Biochemistry,"Crid (Centre for Research in Infectious Diseases), Cameroon",Cameroon,Middle Africa,Natural sciences
3518,Kenya,R,Male,Pre-Doc,Anatomy,"University of Medical Sciences, Ondo, Nigeria",Nigeria,Western Africa,Medical and health sciences
5335,Cameroon,S,Male,Pre-Doc,Biotechnology,"University of Alexandria, Egypt",Egypt,Northern Africa,Engineering and technology
5381,Kenya,S,Male,Pre-Doc,Biomedical Laboratory Technology and Bioinformatics,"Makerere University, Uganda",Uganda,Eastern Africa,Engineering and technology
5240,Cameroon,R,Female,Pre-Doc,Food and Industrial Microbiology,"Institute of Medical research and Medicinal Plant studies (IMPM), Cameroon",Cameroon,Middle Africa,Natural sciences
7796,Kenya,R,Male,Senior Scientist,Organic Chemistry,"Murang’a University of Technology, Kenya",Kenya,Eastern Africa,Natural sciences
1978,Cameroon,R,Male,Pre-Doc,Infectious Biology and Control,"University of Tübingen, Germany and CRID (Centre for research in infectious diseases), Cameroon","Germany, Cameroon",Unknown,Natural sciences
6281,Kenya,S,Male,PhD Student,Biochemistry,"University of Yaounde I, Cameroon",Cameroon,Middle Africa,Natural sciences
3610,Cameroon,R,Male,Senior Scientist,Veterinary Microbiology,"Ahmadu Bello University, Nigeria",Nigeria,Western Africa,Natural sciences
1296,Kenya,S,Male,Post-Doc,Medical Parasitology,"University of Bamenda, Cameroon",Cameroon,Middle Africa,Medical and health sciences
5205,Kenya,S,Male,Pre-Doc,Biotechnology,"Ain Shams University, Egypt",Egpyt,Unknown,Engineering and technology
8405,Kenya,R,Female,Senior Scientist,Molecular Microbiology,"Bio and Emerging technology Institute (betin), Ethiopia",Ethiopia,Eastern Africa,Natural sciences
8405,Cameroon,S,Female,Post-Doc,Molecular Microbiology,"Bio and Emerging Technology Institute (BETin), Ethiopia",Ethiopia,Eastern Africa,Natural sciences
9106,Kenya,S,Male,Post-Doc,Molecular Biomdeical Engineering,Nelson Mandela African Institution of Science and Technology,Tanzania,Unknown,Engineering and technology
1011,Mali,S,Male,Pre-Doc,Structural Biology,Unknown,Unknown,Unknown,Natural sciences
5626,Kenya,R,Female,Pre-Doc,Bioinformatics and Biochemistry,"-, United Arab Emriates",United Arab Emirates,Western Asia,Natural sciences
1727,Kenya,R,Male,Pre-Doc,Medical Laboratories Sciences and Microbiology and Immunology,"Alzaiem Alazhari University, Sudan",Sudan,Northern Africa,Natural sciences
8008,Kenya,S,Female,PhD Student,Biotechnology,"Ahmadu Bello University, Nigeria",Nigeria,Western Africa,Engineering and technology
5825,Kenya,S,Male,Post-Doc,Medical Microbiology and Infectious Diseases,"University of Nairobi, Kenya",Kenya,Eastern Africa,Medical and health sciences
