major_category,wos_category
natural sciences,logic
natural sciences,"mathematics, applied"
natural sciences,"mathematics, interdisciplinary applications"
natural sciences,mathematics
natural sciences,"physics, mathematical"
natural sciences,statistics & probability
natural sciences,"computer science, artificial intelligence"
natural sciences,"computer science, cybernetics"
natural sciences,"computer science, information systems"
natural sciences,"computer science, interdisciplinary applications"
natural sciences,"computer science, software engineering"
natural sciences,"computer science, theory & methods"
natural sciences,acoustics
natural sciences,astronomy & astrophysics
natural sciences,optics
natural sciences,"physics, applied"
natural sciences,"physics, fluids & plasmas"
natural sciences,"physics, atomic, molecular & chemical"
natural sciences,"physics, multidisciplinary"
natural sciences,"physics, condensed matter"
natural sciences,"physics, nuclear"
natural sciences,"physics, particles & fields"
natural sciences,"chemistry, applied"
natural sciences,"chemistry, multidisciplinary"
natural sciences,"chemistry, analytical"
natural sciences,"chemistry, inorganic & nuclear"
natural sciences,"chemistry, organic"
natural sciences,"chemistry, physical"
natural sciences,crystallography
natural sciences,electrochemistry
natural sciences,polymer science
natural sciences,geochemistry & geophysics
natural sciences,environmental sciences
natural sciences,"geography, physical"
natural sciences,geology
natural sciences,"geosciences, multidisciplinary"
natural sciences,meteorology & atmospheric sciences
natural sciences,mineralogy
natural sciences,oceanography
natural sciences,paleontology
natural sciences,water resources
natural sciences,biodiversity conservation
natural sciences,biochemical research methods
natural sciences,biochemistry & molecular biology
natural sciences,biology
natural sciences,biophysics
natural sciences,plant sciences
natural sciences,cell biology
natural sciences,ecology
natural sciences,evolutionary biology
natural sciences,developmental biology
natural sciences,entomology
natural sciences,genetics & heredity
natural sciences,mathematical & computational biology
natural sciences,limnology
natural sciences,marine & freshwater biology
natural sciences,microbiology
natural sciences,mycology
natural sciences,ornithology
natural sciences,reproductive biology
natural sciences,virology
natural sciences,zoology
natural sciences,multidisciplinary sciences
natural sciences,green & sustainable science & technology
natural sciences,quantum science & technology
mathematics,"mathematics, applied"
mathematics,"mathematics, interdisciplinary applications"
mathematics,mathematics
mathematics,"physics, mathematical"
mathematics,logic
mathematics,statistics & probability
computer and information sciences,logic
computer and information sciences,"computer science, artificial intelligence"
computer and information sciences,"computer science, cybernetics"
computer and information sciences,"computer science, information systems"
computer and information sciences,"computer science, interdisciplinary applications"
computer and information sciences,"computer science, software engineering"
computer and information sciences,"computer science, theory & methods"
physical sciences ,acoustics
physical sciences ,astronomy & astrophysics
physical sciences ,optics
physical sciences ,"physics, applied"
physical sciences ,"physics, fluids & plasmas"
physical sciences ,"physics, atomic, molecular & chemical"
physical sciences ,"physics, multidisciplinary"
physical sciences ,"physics, condensed matter"
physical sciences ,"physics, nuclear"
physical sciences ,"physics, particles & fields"
physical sciences ,quantum science & technology
chemical sciences,"chemistry, applied"
chemical sciences,"chemistry, multidisciplinary"
chemical sciences,"chemistry, analytical"
chemical sciences,"chemistry, inorganic & nuclear"
chemical sciences,"chemistry, organic"
chemical sciences,"chemistry, physical"
chemical sciences,crystallography
chemical sciences,electrochemistry
chemical sciences,polymer science
chemical sciences,green & sustainable science & technology
chemical sciences,quantum science & technology
earth and related environmental sciences,geochemistry & geophysics
earth and related environmental sciences,environmental sciences
earth and related environmental sciences,"geography, physical"
earth and related environmental sciences,geology
earth and related environmental sciences,"geosciences, multidisciplinary"
earth and related environmental sciences,meteorology & atmospheric sciences
earth and related environmental sciences,mineralogy
earth and related environmental sciences,oceanography
earth and related environmental sciences,paleontology
earth and related environmental sciences,water resources
earth and related environmental sciences,green & sustainable science & technology
biological sciences,biodiversity conservation
biological sciences,biochemical research methods
biological sciences,biochemistry & molecular biology
biological sciences,biology
biological sciences,biophysics
biological sciences,plant sciences
biological sciences,cell biology
biological sciences,ecology
biological sciences,evolutionary biology
biological sciences,developmental biology
biological sciences,entomology
biological sciences,genetics & heredity
biological sciences,mathematical & computational biology
biological sciences,limnology
biological sciences,marine & freshwater biology
biological sciences,microbiology
biological sciences,mycology
biological sciences,ornithology
biological sciences,reproductive biology
biological sciences,virology
biological sciences,zoology
other natural sciences,multidisciplinary sciences
engineering and technology,construction & building technology
engineering and technology,"engineering, civil"
engineering and technology,transportation science & technology
engineering and technology,automation & control systems
engineering and technology,"computer science, hardware & architecture"
engineering and technology,"engineering, electrical & electronic"
engineering and technology,robotics
engineering and technology,telecommunications
engineering and technology,"engineering, aerospace"
engineering and technology,thermodynamics
engineering and technology,"engineering, mechanical"
engineering and technology,mechanics
engineering and technology,nuclear science & technology
engineering and technology,"engineering, chemical"
engineering and technology,"materials science, paper & wood"
engineering and technology,"materials science, ceramics"
engineering and technology,"materials science, multidisciplinary"
engineering and technology,metallurgy & metallurgical engineering
engineering and technology,"materials science, characterization & testing"
engineering and technology,"materials science, coatings & films"
engineering and technology,"materials science, composites"
engineering and technology,"materials science, textiles"
engineering and technology,"engineering, biomedical"
engineering and technology,medical laboratory technology
engineering and technology,cell & tissue engineering
engineering and technology,energy & fuels
engineering and technology,"engineering, environmental"
engineering and technology,"engineering, marine"
engineering and technology,"engineering, ocean"
engineering and technology,"engineering, petroleum"
engineering and technology,"engineering, geological"
engineering and technology,remote sensing
engineering and technology,mining & mineral processing
engineering and technology,biotechnology & applied microbiology
engineering and technology,"materials science, biomaterials"
engineering and technology,nanoscience & nanotechnology
engineering and technology,"engineering, multidisciplinary"
engineering and technology,"engineering, industrial"
engineering and technology,"engineering, manufacturing"
engineering and technology,food science & technology
engineering and technology,instruments & instrumentation
engineering and technology,microscopy
engineering and technology,imaging science & photographic technology
engineering and technology,spectroscopy
engineering and technology,quantum science & technology
engineering and technology,green & sustainable science & technology
civil engineering,construction & building technology
civil engineering,"engineering, civil"
civil engineering,transportation science & technology
"electrical engineering, electronic engineering, information engineering",automation & control systems
"electrical engineering, electronic engineering, information engineering","computer science, hardware & architecture"
"electrical engineering, electronic engineering, information engineering","engineering, electrical & electronic"
"electrical engineering, electronic engineering, information engineering",robotics
"electrical engineering, electronic engineering, information engineering",telecommunications
mechanical engineering,"engineering, aerospace"
mechanical engineering,thermodynamics
mechanical engineering,"engineering, mechanical"
mechanical engineering,mechanics
mechanical engineering,nuclear science & technology
chemical engineering,"engineering, chemical"
materials engineering,"materials science, paper & wood"
materials engineering,"materials science, ceramics"
materials engineering,"materials science, multidisciplinary"
materials engineering,metallurgy & metallurgical engineering
materials engineering,"materials science, characterization & testing"
materials engineering,"materials science, coatings & films"
materials engineering,"materials science, composites"
materials engineering,"materials science, textiles"
medical engineering,"engineering, biomedical"
medical engineering,medical laboratory technology
medical engineering,cell & tissue engineering
environmental engineering,energy & fuels
environmental engineering,"engineering, environmental"
environmental engineering,"engineering, marine"
environmental engineering,"engineering, ocean"
environmental engineering,"engineering, petroleum"
environmental engineering,"engineering, geological"
environmental engineering,remote sensing
environmental engineering,mining & mineral processing
environmental engineering,green & sustainable science & technology
environmental biotechnology,biotechnology & applied microbiology
industrial biotechnology,"materials science, biomaterials"
nano-technology,nanoscience & nanotechnology
other engineering and technologies,"engineering, multidisciplinary"
other engineering and technologies,"engineering, industrial"
other engineering and technologies,"engineering, manufacturing"
other engineering and technologies,food science & technology
other engineering and technologies,instruments & instrumentation
other engineering and technologies,microscopy
other engineering and technologies,imaging science & photographic technology
other engineering and technologies,spectroscopy
other engineering and technologies,quantum science & technology
medical and health sciences,audiology & speech-language pathology
medical and health sciences,anatomy & morphology
medical and health sciences,"chemistry, medicinal"
medical and health sciences,"psychology, clinical"
medical and health sciences,immunology
medical and health sciences,"medicine, research & experimental"
medical and health sciences,neurosciences
medical and health sciences,pathology
medical and health sciences,pharmacology & pharmacy
medical and health sciences,physiology
medical and health sciences,toxicology
medical and health sciences,allergy
medical and health sciences,andrology
medical and health sciences,anesthesiology
medical and health sciences,oncology
medical and health sciences,cardiac & cardiovascular systems
medical and health sciences,critical care medicine
medical and health sciences,emergency medicine
medical and health sciences,"dentistry, oral surgery & medicine"
medical and health sciences,dermatology
medical and health sciences,endocrinology & metabolism
medical and health sciences,gastroenterology & hepatology
medical and health sciences,geriatrics & gerontology
medical and health sciences,gerontology
medical and health sciences,hematology
medical and health sciences,integrative & complementary medicine
medical and health sciences,"medicine, general & internal"
medical and health sciences,clinical neurology
medical and health sciences,neuroimaging
medical and health sciences,obstetrics & gynecology
medical and health sciences,ophthalmology
medical and health sciences,orthopedics
medical and health sciences,otorhinolaryngology
medical and health sciences,pediatrics
medical and health sciences,psychiatry
medical and health sciences,"radiology, nuclear medicine & medical imaging"
medical and health sciences,respiratory system
medical and health sciences,rheumatology
medical and health sciences,surgery
medical and health sciences,transplantation
medical and health sciences,urology & nephrology
medical and health sciences,peripheral vascular disease
medical and health sciences,substance abuse
medical and health sciences,health care sciences & services
medical and health sciences,health policy & services
medical and health sciences,"public, environmental & occupational health"
medical and health sciences,infectious diseases
medical and health sciences,medical ethics
medical and health sciences,"medicine, legal"
medical and health sciences,medical informatics
medical and health sciences,nursing
medical and health sciences,nutrition & dietetics
medical and health sciences,parasitology
medical and health sciences,"psychology, psychoanalysis"
medical and health sciences,rehabilitation
medical and health sciences,"social sciences, biomedical"
medical and health sciences,sport sciences
medical and health sciences,tropical medicine
medical and health sciences,primary health care
medical and health sciences,medical laboratory technology
basic medicine,anatomy & morphology
basic medicine,"chemistry, medicinal"
basic medicine,"psychology, clinical"
basic medicine,immunology
basic medicine,neurosciences
basic medicine,pathology
basic medicine,pharmacology & pharmacy
basic medicine,physiology
basic medicine,toxicology
clinical medicine,allergy
clinical medicine,andrology
clinical medicine,anesthesiology
clinical medicine,oncology
clinical medicine,cardiac & cardiovascular systems
clinical medicine,critical care medicine
clinical medicine,emergency medicine
clinical medicine,"dentistry, oral surgery & medicine"
clinical medicine,dermatology
clinical medicine,endocrinology & metabolism
clinical medicine,gastroenterology & hepatology
clinical medicine,geriatrics & gerontology
clinical medicine,gerontology
clinical medicine,hematology
clinical medicine,integrative & complementary medicine
clinical medicine,"medicine, general & internal"
clinical medicine,clinical neurology
clinical medicine,neuroimaging
clinical medicine,obstetrics & gynecology
clinical medicine,ophthalmology
clinical medicine,orthopedics
clinical medicine,otorhinolaryngology
clinical medicine,pediatrics
clinical medicine,psychiatry
clinical medicine,"radiology, nuclear medicine & medical imaging"
clinical medicine,respiratory system
clinical medicine,rheumatology
clinical medicine,surgery
clinical medicine,transplantation
clinical medicine,urology & nephrology
clinical medicine,peripheral vascular disease
clinical medicine,audiology & speech-language pathology
health sciences,substance abuse
health sciences,health care sciences & services
health sciences,health policy & services
health sciences,"public, environmental & occupational health"
health sciences,infectious diseases
health sciences,"medicine, legal"
health sciences,medical informatics
health sciences,nursing
health sciences,nutrition & dietetics
health sciences,parasitology
health sciences,"psychology, psychoanalysis"
health sciences,rehabilitation
health sciences,"social sciences, biomedical"
health sciences,sport sciences
health sciences,tropical medicine
health sciences,primary health care
medical biotechnology,"medicine, research & experimental"
other medical science,medical laboratory technology
other medical science,medical ethics
agricultural and veterinary sciences,"agriculture, multidisciplinary"
agricultural and veterinary sciences,agronomy
agricultural and veterinary sciences,fisheries
agricultural and veterinary sciences,forestry
agricultural and veterinary sciences,horticulture
agricultural and veterinary sciences,soil science
agricultural and veterinary sciences,"agriculture, dairy & animal science"
agricultural and veterinary sciences,veterinary sciences
agricultural and veterinary sciences,agricultural engineering
agricultural and veterinary sciences,agricultural economics & policy
agricultural and veterinary sciences,food science & technology
agricultural and veterinary sciences,plant sciences
"agriculture, forestry, fisheries","agriculture, multidisciplinary"
"agriculture, forestry, fisheries",agronomy
"agriculture, forestry, fisheries",fisheries
"agriculture, forestry, fisheries",forestry
"agriculture, forestry, fisheries",horticulture
"agriculture, forestry, fisheries",soil science
animal and dairy science,"agriculture, dairy & animal science"
veterinary science,veterinary sciences
agricultural biotechnology,plant sciences
other agricultural sciences,agricultural engineering
other agricultural sciences,agricultural economics & policy
other agricultural sciences,food science & technology
social sciences,"psychology, biological"
social sciences,behavioral sciences
social sciences,"psychology, educational"
social sciences,ergonomics
social sciences,"psychology, developmental"
social sciences,"psychology, applied"
social sciences,psychology
social sciences,"psychology, multidisciplinary"
social sciences,"psychology, mathematical"
social sciences,"psychology, experimental"
social sciences,"psychology, social"
social sciences,business
social sciences,"business, finance"
social sciences,economics
social sciences,industrial relations & labor
social sciences,management
social sciences,operations research & management science
social sciences,education & educational research
social sciences,"education, scientific disciplines"
social sciences,"education, special"
social sciences,anthropology
social sciences,demography
social sciences,ethnic studies
social sciences,family studies
social sciences,"social sciences, mathematical methods"
social sciences,social issues
social sciences,social work
social sciences,sociology
social sciences,women's studies
social sciences,criminology & penology
social sciences,law
social sciences,international relations
social sciences,political science
social sciences,public administration
social sciences,area studies
social sciences,environmental studies
social sciences,geography
social sciences,regional & urban planning
social sciences,transportation
social sciences,urban studies
social sciences,communication
social sciences,information science & library science
social sciences,"hospitality, leisure, sport & tourism"
social sciences,asian studies
social sciences,cultural studies
social sciences,developmental studies
social sciences,"social sciences, interdisciplinary"
psychology and cognitive sciences,"psychology, biological"
psychology and cognitive sciences,behavioral sciences
psychology and cognitive sciences,"psychology, educational"
psychology and cognitive sciences,ergonomics
psychology and cognitive sciences,"psychology, developmental"
psychology and cognitive sciences,"psychology, applied"
psychology and cognitive sciences,psychology
psychology and cognitive sciences,"psychology, multidisciplinary"
psychology and cognitive sciences,"psychology, mathematical"
psychology and cognitive sciences,"psychology, experimental"
psychology and cognitive sciences,"psychology, social"
economics and business,business
economics and business,"business, finance"
economics and business,economics
economics and business,industrial relations & labor
economics and business,management
economics and business,operations research & management science
education,education & educational research
education,"education, scientific disciplines"
education,"education, special"
sociology,anthropology
sociology,demography
sociology,ethnic studies
sociology,family studies
sociology,"social sciences, mathematical methods"
sociology,social issues
sociology,social work
sociology,sociology
sociology,women's studies
law,criminology & penology
law,law
political science,international relations
political science,political science
political science,public administration
social and economic geography,area studies
social and economic geography,environmental studies
social and economic geography,geography
social and economic geography,regional & urban planning
social and economic geography,transportation
social and economic geography,urban studies
social and economic geography,developmental studies
media and communications,communication
media and communications,information science & library science
other social sciences,"hospitality, leisure, sport & tourism"
other social sciences,asian studies
other social sciences,cultural studies
other social sciences,"social sciences, interdisciplinary"
humanities and the arts,archaeology
humanities and the arts,history
humanities and the arts,history & philosophy of science
humanities and the arts,history of social sciences
humanities and the arts,medieval & renaissance studies
humanities and the arts,classics
humanities and the arts,folklore
humanities and the arts,linguistics
humanities and the arts,literary theory & criticism
humanities and the arts,language & linguistics
humanities and the arts,literary reviews
humanities and the arts,literature
humanities and the arts,"literature, african, australian, canadian"
humanities and the arts,"literature, american"
humanities and the arts,"literature, british isles"
humanities and the arts,"literature, german, dutch, scandinavian"
humanities and the arts,"literature, romance"
humanities and the arts,"literature, slavic"
humanities and the arts,poetry
humanities and the arts,ethics
humanities and the arts,philosophy
humanities and the arts,religion
humanities and the arts,architecture
humanities and the arts,art
humanities and the arts,dance
humanities and the arts,"film, radio, television"
humanities and the arts,music
humanities and the arts,theater
humanities and the arts,"humanities, multidisciplinary"
history and archaeology,archaeology
history and archaeology,history
history and archaeology,history & philosophy of science
history and archaeology,history of social sciences
history and archaeology,medieval & renaissance studies
languages and literature,classics
languages and literature,folklore
languages and literature,linguistics
languages and literature,literary theory & criticism
languages and literature,language & linguistics
languages and literature,literary reviews
languages and literature,literature
languages and literature,"literature, african, australian, canadian"
languages and literature,"literature, american"
languages and literature,"literature, british isles"
languages and literature,"literature, german, dutch, scandinavian"
languages and literature,"literature, romance"
languages and literature,"literature, slavic"
languages and literature,poetry
"philosophy, ethics and religion",ethics
"philosophy, ethics and religion",philosophy
"philosophy, ethics and religion",religion
arts,architecture
arts,art
arts,dance
arts,"film, radio, television"
arts,music
arts,theater
other humanities,"humanities, multidisciplinary"
