﻿ID,Workshop,Evaluation,Gender,Status,Scientific_Discipline,Primary_ institutional_affiliation,Country_of_primary_affiliation,major_scientific_discipline,country_name_std,country_code_std,region,institution_name_standardized
9208,Cameroon,R,Male,Pre-Doc,Organic Chemistry,Prince Abubakar  Audu University,Nigeria,natural sciences,Nigeria,NG,Western Africa,Kogi State University
4358,Kenya,R,Male,Pre-Doc,Pharmacy,Unknown,Unknown,medical and health sciences,Unknown,,Unknown,Unknown
7084,Kenya,S,Male,PhD Student,Medicinal Chemistry,Nazi Boni University,Burkina Faso,medical and health sciences,Burkina Faso,BF,Western Africa,Nazi Boni University
8849,Mali,R,Male,Pre-Doc,Unknown,Université des Sciences,Mali,unknown,Mali,ML,Western Africa,Université des Sciences
3158,Kenya,R,Male,Pre-Doc,"Bioinformatics, Zoology, Cell Biology and Genetics",Lagos State University,Nigeria,natural sciences,Nigeria,NG,Western Africa,Lagos State University
1731,Kenya,R,Male,Pre-Doc,Computer Science,Black Walls Systems and Consultancy,Nigeria,natural sciences,Nigeria,NG,Western Africa,Black Walls Systems and Consultancy
3674,Kenya,R,Male,PhD Student,Biochemistry,Ahmadu Bello University,Nigeria,natural sciences,Nigeria,NG,Western Africa,Ahmadu Bello University
1588,Kenya,R,Female,Senior Scientist,Biochemistry,KolaDaisi University,Nigeria,natural sciences,Nigeria,NG,Western Africa,KolaDaisi University
1383,Kenya,R,Male,Senior Scientist,Biochemistry,Bowen University,Nigeria,natural sciences,Nigeria,NG,Western Africa,Bowen University
1280,Cameroon,R,Female,PhD Student,Food and Industrial  Microbiology,University of Yaoundé I,Cameroon,natural sciences,Cameroon,CM,Middle Africa,Université de Yaoundé II
4095,Kenya,R,Female,Pre-Doc,Biotechnology,University Alzaiem Alazhari,Sudan,engineering and technology,Sudan,SD,Northern Africa,University Alzaiem Alazhari
2920,Kenya,S,Female,Pre-Doc,Biotechnology and Medical Laboratory  Science,Kenya Industrial Research  Development Institute,Kenya,unknown,Kenya,KE,Eastern Africa,Kenya Industrial Research and Development Institute
5538,Kenya,R,Male,Post-Doc,Animal Physiology and Pharmacology,University of Abomey-calavi,Benin,medical and health sciences,Benin,BJ,Western Africa,University of Abomey-calavi
8892,Kenya,R,Male,Pre-Doc,Veterinary Science,Alaanan Veterinary Clinic for Animals,Sudan,agricultural and veterinary sciences,Sudan,SD,Northern Africa,Alaanan Veterinary Clinic for Animals
7637,Kenya,R,Male,Pre-Doc,Microbiology and  Molecular Biology,Darfur Next Generation  Organization,Sudan,natural sciences,Sudan,SD,Northern Africa,Darfur Next Generation Organization
7919,Kenya,R,Male,Post-Doc,Computer Science and  Biomedical Informatics,Hokkaido University,Japan,medical and health sciences,Japan,JP,Eastern Asia,Hokkaido University
8774,Kenya,S,Male,Pre-Doc,Pharmacy,Egypt-japanese University  for Science and Technology,Egypt,medical and health sciences,Egypt,EG,Northern Africa,Egypt-Japan University of Science and Technology
1790,Kenya,S,Male,Pre-Doc,Biotechnology,Ain Shams University,Egypt,engineering and technology,Egypt,EG,Northern Africa,Ain Shams University
3339,Mali,R,Female,Pre-Doc,Environmental Scientist,Target Malaria,Burkina Faso,natural sciences,Burkina Faso,BF,Western Africa,Target Malaria
1786,Cameroon,R,Male,Senior Scientist,Molecular  Biophysics,University NANGUI  ABROGOUA,Ivory Coast,natural sciences,Côte d’Ivoire,CI,Western Africa,University NANGUI ABROGOUA
1786,Kenya,R,Male,Senior Scientist,Molecular  Biophysics,University Nangui  Abrogoua,Ivory Coast,natural sciences,Côte d’Ivoire,CI,Western Africa,Université Nangui Abrogoua
1884,Kenya,R,Female,Pre-Doc,Medical Laboratory  Science and Infection Prevention  and Control,Khartoum Oncology Hospital,Sudan,unknown,Sudan,SD,Northern Africa,Khartoum Oncology Hospital
8987,Kenya,R,Female,Pre-Doc,Medical Microbiology,University of Bakht Alruda,Sudan,natural sciences,Sudan,SD,Northern Africa,University of Bakhtalruda
8144,Kenya,R,Female,Pre-Doc,Medical Laboratory  Science and Medical  Microbiology,University of Science and  Technology,Sudan,natural sciences,Sudan,SD,Northern Africa,Sudan University of Science and Technology
7184,Kenya,R,Male,Senior Scientist,Cancer Biology,Cairo University,Egypt,natural sciences,Egypt,EG,Northern Africa,Cairo University
4511,Mali,R,Male,Senior Scientist,Genomics,Université des Sciences,Mali,social sciences,Mali,ML,Western Africa,Université des Sciences
2841,Kenya,R,Male,PhD Student,Pharmacology,Omdurman Islamic University,Sudan,medical and health sciences,Sudan,SD,Northern Africa,Omdurman Islamic University
2153,Kenya,R,Female,Pre-Doc,Water Engineering,Kenya Water Institute,Kenya,engineering and technology,Kenya,KE,Eastern Africa,Kenya Water Institute
2111,Kenya,S,Male,PhD Student,Translational Medicine,Addis Ababa University,Ethiopia,medical and health sciences,Ethiopia,ET,Eastern Africa,Addis Ababa University
4682,Kenya,R,Female,Pre-Doc,Medical Laboratory  Sciences,Unknown,Unknown,engineering and technology,Unknown,,Unknown,Unknown
8044,Kenya,S,Female,Pre-Doc,Vetenary Medecine and Bioinformatics,University of Sadat City,Eygpt,medical and health sciences,Unknown,,Unknown,University of Sadat City
2098,Mali,R,Male,Pre-Doc,Pharmacy,Université des Sciences,Mali,medical and health sciences,Mali,ML,Western Africa,Université des Sciences
7392,Mali,S,Male,Senior Scientist,Molecular Biology,Université des Sciences,Mali,natural sciences,Mali,ML,Western Africa,Université des Sciences
2416,Mali,R,Male,Post-Doc,Vaccines,Université des Sciences,Mali,unknown,Mali,ML,Western Africa,Université des Sciences
6161,Kenya,S,Female,Pre-Doc,Bioinformatics and Genomics,Institut Pasteur  De Dakar,Senegal,medical and health sciences,Senegal,SN,Western Africa,Institut Pasteur de Dakar
6109,Cameroon,S,Female,Post-Doc,Microbiology,Kwame Nkrumah University of Science and Technology,Ghana,natural sciences,Ghana,GH,Western Africa,Kwame Nkrumah University of Science and Technology
9700,Cameroon,R,Female,Pre-Doc,Molecular and  Medical Microbiology,University of Abomey- Calavi,Benin,natural sciences,Benin,BJ,Western Africa,University of Abomey- Calavi
9362,Cameroon,R,Female,PhD Student,Inorganic Chemistry,University of Dschang,Cameroon,natural sciences,Cameroon,CM,Middle Africa,University of Dschang
3259,Cameroon,R,Female,Senior Scientist,Biochemistry,University of Ilorin,Nigeria,natural sciences,Nigeria,NG,Western Africa,University of Ilorin
1729,Cameroon,R,Female,Pre-Doc,Biochemistry,Kwame Nkrumah University of Science and Technology,Ghana,natural sciences,Ghana,GH,Western Africa,Kwame Nkrumah University of Science and Technology
4679,Cameroon,R,Male,PhD Student,Medical Microbiology,University of Yaoundé I,Cameroon,natural sciences,Cameroon,CM,Middle Africa,Université de Yaoundé II
7305,Kenya,S,Male,Post-Doc,Biomedical Science,University of Zimbabwe,Zimbabwe,medical and health sciences,Zimbabwe,ZW,Eastern Africa,University of Zimbabwe
4659,Kenya,R,Male,Pre-Doc,Life Science Informatics,Children Cancer  Hospital 57357,Egypt,social sciences,Egypt,EG,Northern Africa,Children Cancer Hospital 57357
8022,Kenya,R,Male,Senior Scientist,Microbiology and  Immunology,Karary University,Sudan,natural sciences,Sudan,SD,Northern Africa,Karary University
3693,Kenya,R,Male,Unknown,Unknown,Badr University,Egypt,unknown,Egypt,EG,Northern Africa,Badr University
2448,Kenya,R,Male,Unknown,Pharmacy,Qatar,Qatar,medical and health sciences,Qatar,QA,Western Asia,Qatar
5112,Mali,S,Male,Post-Doc,Unknown,Université des Sciences,Mali,unknown,Mali,ML,Western Africa,Université des Sciences
8584,Cameroon,R,Female,PhD Student,Microbiology,University of Yaoundé I,Cameroon,natural sciences,Cameroon,CM,Middle Africa,Université de Yaoundé II
2736,Cameroon,R,Female,PhD Student,Molecular Biology,Redeemer’s University,Cameroon,natural sciences,Cameroon,CM,Middle Africa,Redeemer’s University
2736,Kenya,S,Female,PhD Student,Molecular Biology  and Genomics,Redeemer’s University,Nigeria,natural sciences,Nigeria,NG,Western Africa,Redeemer's University
7139,Mali,R,Male,Pre-Doc,Medical Laboratory Science,University of Health and Allied Sciences (UHAS),Ghana,engineering and technology,Ghana,GH,Western Africa,University of Health and Allied Sciences (UHAS)
7116,Cameroon,R,Male,Pre-Doc,Biochemstry,Kwame Nkrumah University of Science and Technology,Ghana,natural sciences,Ghana,GH,Western Africa,Kwame Nkrumah University of Science and Technology
4189,Mali,R,Male,PhD Student,Pharmacy,Université des Sciences,Mali,medical and health sciences,Mali,ML,Western Africa,Université des Sciences
9859,Kenya,S,Female,Pre-Doc,Plant Ecology,Murang’a University of  Sciences and  Technology,Kenya,natural sciences,Kenya,KE,Eastern Africa,Murang’a University of Sciences and Technology
4131,Mali,R,Male,Senior Scientist,Bioinformatics,Université des Sciences,Mali,medical and health sciences,Mali,ML,Western Africa,Université des Sciences
4742,Cameroon,S,Male,Phd Student,Biochemistry,University of Bamenda,Cameroon,natural sciences,Cameroon,CM,Middle Africa,University of Bamenda
8660,Cameroon,R,Female,PhD Student,Pharmacognosy,University of Yaoundé I,Cameroon,unknown,Cameroon,CM,Middle Africa,Université de Yaoundé II
5837,Kenya,R,Female,Pre-Doc,"Environmental Science  and Technology,  Data Science, AI,  and Machine learning  for Public health",Pwani University,Kenya,unknown,Kenya,KE,Eastern Africa,Pwani University
7830,Cameroon,R,Female,PhD Student,Pharmacy,Université des Sciences,Mali,medical and health sciences,Mali,ML,Western Africa,Université des Sciences
7679,Mali,S,Male,Pre-Doc,Crystallography,KU Leuven,The Netherlands,natural sciences,Unknown,,Unknown,KU Leuven
4174,Cameroon,S,Female,Phd Student,Biochemistry,University of Yaoundé I,Cameroon,natural sciences,Cameroon,CM,Middle Africa,Université de Yaoundé II
8267,Cameroon,R,Female,Pre-Doc,Biochemistry,Kwame Nkrumah University of Science and Technology,Ghana,natural sciences,Ghana,GH,Western Africa,Kwame Nkrumah University of Science and Technology
8098,Kenya,S,Male,Pre-Doc,"Veterinary Medicine, Vaccine Production  and Quality Control",Pan African University Life  and  Earth Sciences  Institute (including  Health and Agriculture),Nigeria,unknown,Nigeria,NG,Western Africa,Pan African University Life and Earth Sciences Institute (including Health and Agriculture)
7172,Kenya,R,Male,Pre-Doc,Biochemistry,Covenant University,Nigeria,natural sciences,Nigeria,NG,Western Africa,Covenant University
7506,Kenya,R,Male,PhD Student,Zoology,University of Douala,Cameroon,natural sciences,Cameroon,CM,Middle Africa,University of Douala
7506,Cameroon,R,Male,Phd Student,Zoology,University of Douala,Cameroon,natural sciences,Cameroon,CM,Middle Africa,University of Douala
8150,Kenya,R,Male,Pre-Doc,Biotechnology and  Laboratory Sciences,Kenyata University,Kenya,unknown,Kenya,KE,Eastern Africa,Kenyatta University
7208,Kenya,S,Male,Senior Scientist,Molecular Cell Biology and Virology,Botswana International  University of Science And  Technology,Botswana,natural sciences,Botswana,BW,Southern Africa,Botswana International University of Science and Technology
7208,Cameroon,R,Male,Senior Scientist,Molecular Cell Biology & Virology,Botswana International  University of Science and  Technology,Botswana,natural sciences,Botswana,BW,Southern Africa,Botswana International University of Science and Technology
2397,Cameroon,S,Male,PhD Student,Molecular and  Cellular Biology,Centre Pasteur Cameroon,Cameroon,natural sciences,Cameroon,CM,Middle Africa,Centre Pasteur Cameroon
2530,Cameroon,R,Male,Pre-Doc,Biochemistry,CRID (Centre for research  in infectious diseases),Cameroon,natural sciences,Cameroon,CM,Middle Africa,CRID (Centre for research in infectious diseases)
8886,Kenya,R,Female,Pre-Doc,"Applied Bioengineering, Biophysics and  Quantitative Biotechnology",Universidad de Zaragoza,Spain,natural sciences,Spain,ES,Southern Europe,Universidad de Zaragoza
5166,Kenya,R,Male,Pre-Doc,Biochemistry,International University  of Science and  Technology,Botswana,natural sciences,Botswana,BW,Southern Africa,International University of Science and Technology
7362,Mali,R,Female,Pre-Doc,Structural Biology,Université des Sciences,Mali,natural sciences,Mali,ML,Western Africa,Université des Sciences
6738,Kenya,R,Female,Pre-Doc,Medicine,Unknown,Unknown,medical and health sciences,Unknown,,Unknown,Unknown
2361,Kenya,S,Female,PhD Student,"Molecular Biology,  Biochemistry and Bioinformatics",University of Sadat City,Egypt,natural sciences,Egypt,EG,Northern Africa,University of Sadat City
5159,Kenya,S,Female,PhD Student,Health Sciences and Pharmacology,University of Dschang,Cameroon,medical and health sciences,Cameroon,CM,Middle Africa,University of Dschang
5159,Cameroon,R,Female,Post-Doc,Biochemistry and Pharmacology,Université de Dschang,Cameroon,natural sciences,Cameroon,CM,Middle Africa,Université de Dschang
3265,Mali,R,Male,Pre-Doc,Structural Biology,Université des Sciences,Mali,natural sciences,Mali,ML,Western Africa,Université des Sciences
5692,Kenya,R,Male,Pre-Doc,Biochemistry and  Medical Laboratory Technology,Niger Delta University,Nigeria,engineering and technology,Nigeria,NG,Western Africa,Niger Delta University
3727,Mali,R,Female,Post-Doc,"Structural Biology, Bioinformatics",KEMRI Centre for Geographic Medical Research,Kenya,natural sciences,Kenya,KE,Eastern Africa,KEMRI Centre for Geographic Medical Research
2229,Cameroon,R,Male,Pre-Doc,Biological Sciences,Kwame Nkrumah University of Science and Technology,Ghana,natural sciences,Ghana,GH,Western Africa,Kwame Nkrumah University of Science and Technology
4874,Kenya,S,Female,PhD Student,Genetics and Biotechnology,University of Calabar,Nigeria,engineering and technology,Nigeria,NG,Western Africa,University of Calabar
3213,Kenya,S,Female,Pre-Doc,Human Genetics  and Biotechnology,Univeristy of Calabar,Nigeria,unknown,Nigeria,NG,Western Africa,University of Calabar
4070,Kenya,R,Male,Pre-Doc,Pharmacy,Genomac Institute incorporated,Nigeria,medical and health sciences,Nigeria,NG,Western Africa,Genomac Institute incorporated
7011,Kenya,R,Male,Post-Doc,Chemical Biology and  Bioinorganic Chemistry,Nnamdi Azikiwe  University,Nigeria,natural sciences,Nigeria,NG,Western Africa,Nnamdi Azikiwe University
7011,Cameroon,R,Male,PhD Student,Chemical Biology and  Bioinorganic Chemistry,Nnamdi Azikiwe University,Nigeria,natural sciences,Nigeria,NG,Western Africa,Nnamdi Azikiwe University
7896,Kenya,S,Male,Post-Doc,Molecular Pharmacology and Pharmacy,United States International  University-africa,Kenya,medical and health sciences,Kenya,KE,Eastern Africa,United States International University Africa
1996,Cameroon,R,Female,PhD Student,Biochemistry,Federal University,Nigeria,natural sciences,Nigeria,NG,Western Africa,Federal University
7809,Kenya,R,Male,Senior Scientist,Physical Chemistry,Federal University  Wukari,Nigeria,natural sciences,Nigeria,NG,Western Africa,Federal University Wukari
3128,Cameroon,S,Female,Pre-Doc,Biochemistry,Kwame Nkrumah University of Science and Technology,Ghana,natural sciences,Ghana,GH,Western Africa,Kwame Nkrumah University of Science and Technology
1231,Cameroon,R,Female,Pre-Doc,Biochemistry,Kwame Nkrumah University of Science and Technology,Ghana,natural sciences,Ghana,GH,Western Africa,Kwame Nkrumah University of Science and Technology
8607,Kenya,S,Male,Pre-Doc,Molecular Biology  and Bioinformatics,Jomo Kenyatta University of Agriculture and  technology,"Kenya, Ghana",natural sciences,Kenya,KE,Eastern Africa,Jomo Kenyatta University of Agriculture and Technology
5341,Mali,R,Female,Pre-Doc,Unknown,Université des Sciences,Mali,unknown,Mali,ML,Western Africa,Université des Sciences
3988,Kenya,R,Female,Pre-Doc,"Zoology, Biochemistry and Physiology",Travel Agencies,Sudan,medical and health sciences,Sudan,SD,Northern Africa,Travel Agencies
4010,Cameroon,S,Female,PhD Studnet,Bioinformatics,Université des Sciences,Mali,medical and health sciences,Mali,ML,Western Africa,Université des Sciences
4597,Cameroon,R,Male,Post-Doc,Biochemistry,Prince Abubakar  Audu University,Nigeria,natural sciences,Nigeria,NG,Western Africa,Kogi State University
2523,Mali,R,Female,Pre-Doc,"Molecular Biology, Bioinformatics",Kenya Institute of Primate Research,Kenya,natural sciences,Kenya,KE,Eastern Africa,Kenya Institute of Primate Research
3865,Cameroon,R,Male,Unknown,Clinical Biochemistry,University of Douala,Cameroon,medical and health sciences,Cameroon,CM,Middle Africa,University of Douala
2402,Cameroon,R,Male,Pre-Doc,Biochemistry,University of Douala,Cameroon,natural sciences,Cameroon,CM,Middle Africa,University of Douala
2255,Cameroon,R,Female,PhD Student,Parasitology,University of Yaoundé I,Cameroon,medical and health sciences,Cameroon,CM,Middle Africa,Université de Yaoundé II
1573,Cameroon,R,Female,Pre-Doc,Biochemistry,Federal University of Technology,Nigeria,natural sciences,Nigeria,NG,Western Africa,Federal University of Technology
9136,Kenya,S,Male,Pre-Doc,Bioinformatics,Makerere University,Uganda,medical and health sciences,Uganda,UG,Eastern Africa,Makerere University
4814,Cameroon,R,Male,PhD Student,Applied Biochemistry,The Federal University  of  Technology,Nigeria,natural sciences,Nigeria,NG,Western Africa,Federal University of Technology
8129,Kenya,R,Male,Pre-Doc,Biomedical Engineering and Medecine,Niger Delta University,Nigeria,engineering and technology,Nigeria,NG,Western Africa,Niger Delta University
8101,Cameroon,R,Male,Pre-Doc,Condensed Matter  Physics,ITMO University,Russia,natural sciences,Unknown,,Unknown,ITMO University
6042,Kenya,R,Female,Senior Scientist,Pharmaceutical Sciences,National Research Centre Cairo,Egpyt,social sciences,Unknown,,Unknown,National Research Centre Cairo
9776,Kenya,S,Male,PhD Student,Bioinformatics,Makerere University,Uganda,medical and health sciences,Uganda,UG,Eastern Africa,Makerere University
1088,Mali,R,Male,Pre-Doc,Structural Biology,Aligarh Muslim University,India,natural sciences,India,IN,Southern Asia,Aligarh Muslim University
5777,Kenya,S,Male,Pre-Doc,Organic Chemistry,University of Zambia,Zambia,natural sciences,Zambia,ZM,Eastern Africa,University of Zambia
3772,Cameroon,R,Male,Pre-Doc,Biochemistry,University of Buea,Cameroon,natural sciences,Cameroon,CM,Middle Africa,University of Buea
5503,Cameroon,R,Male,PhD Student,Medical Microbiology,University of Yaoundé I,Cameroon,natural sciences,Cameroon,CM,Middle Africa,Université de Yaoundé II
6128,Kenya,S,Female,Pre-Doc,Medical and Molecular Microbiology,University of Abomey-calavi,Benin,natural sciences,Benin,BJ,Western Africa,University of Abomey-calavi
3925,Cameroon,R,Male,Senior Scientist,Bioinformatics,Farhat Hached University Hospital,Tunisia,medical and health sciences,Tunisia,TN,Northern Africa,Farhat Hached University Hospital
4926,Kenya,R,Female,Pre-Doc,Biochemistry and  Genetic in Health,Health Center Saint  Camille Davougon,Benin,unknown,Benin,BJ,Western Africa,Health Center Saint Camille Davougon
1008,Kenya,R,Male,PhD Student,Medicinal Plants  Research and Drug  Development,University of Abomey-calavi,Benin,medical and health sciences,Benin,BJ,Western Africa,University of Abomey-calavi
1008,Kenya,R,Male,PhD Student,Plant Sciences  and Pharmacopoeia,University of Abomey-calavi,Benin,natural sciences,Benin,BJ,Western Africa,University of Abomey-calavi
8497,Kenya,R,Male,Pre-Doc,Pharmacy,Amriya Pharmaceuticals,Egypt,medical and health sciences,Egypt,EG,Northern Africa,Amriya Pharmaceuticals
7390,Cameroon,R,Male,PhD Student,Microbiology,Federal University of  Technology Minna,Nigeria,natural sciences,Nigeria,NG,Western Africa,Federal University of Technology Minna
7057,Kenya,R,Female,Senior Scientist,Organic Chemistry,University of Bahri,Sudan,natural sciences,Sudan,SD,Northern Africa,University of Bahri
1557,Kenya,S,Female,Senior Scientist,Pharmacognosy,Nnamdi Azikiwe  University,Nigeria,unknown,Nigeria,NG,Western Africa,Nnamdi Azikiwe University
6907,Cameroon,S,Female,Pre-Doc,Medical Biochemistry,Kenyatta University,Kenya,medical and health sciences,Kenya,KE,Eastern Africa,Kenyatta University
8618,Kenya,R,Male,PhD Student,Human Biology and  Pathology,Institut Pasteur  De Dakar,Senegal,medical and health sciences,Senegal,SN,Western Africa,Institut Pasteur de Dakar
8618,Cameroon,R,Male,PhD Student,Microbiology,Cheikh Anta Diop University and Institut Pasteur  de Dakar,Senegal,natural sciences,Senegal,SN,Western Africa,Cheikh Anta Diop University and Institut Pasteur de Dakar
3383,Kenya,S,Male,Pre-Doc,Computational Chemistry  and Computational  Biology,University of Dar Es  Salaam,Tanzania,natural sciences,United Republic of Tanzania,TZ,Eastern Africa,University of Dar es Salaam
1807,Kenya,S,Male,Pre-Doc,Molecular Biomedical  Engineering,Nelson Mandela African  Institution of Science  and Technology,Tanzania,engineering and technology,United Republic of Tanzania,TZ,Eastern Africa,Nelson Mandela African Institution of Science and Technology
3953,Kenya,S,Male,Pre-Doc,Molecular Cell Biology and  Bioinformatics,University of Nairobi,Kenya,natural sciences,Kenya,KE,Eastern Africa,University of Nairobi
1797,Kenya,R,Male,Pre-Doc,Medical Laboratory Science,Unknown,Unknown,engineering and technology,Unknown,,Unknown,Unknown
4258,Kenya,R,Male,Post-Doc,Biochemical Toxicology,Federal University Otuoke,Nigeria,medical and health sciences,Nigeria,NG,Western Africa,Federal University Otuoke
4258,Cameroon,S,Male,Senior Scientist,Biochemical  Toxicology,Federal University Otuoke,Nigeria,medical and health sciences,Nigeria,NG,Western Africa,Federal University Otuoke
4141,Kenya,S,Male,PhD Student,"Molecular Biology,  Biotechnology, and Bioinformatics",Makerere University,Uganda,natural sciences,Uganda,UG,Eastern Africa,Makerere University
3172,Kenya,S,Female,Post-Doc,Microbiology and Medical  Laboratory Science,Mcpherson University,Nigeria,natural sciences,Nigeria,NG,Western Africa,McPherson University
5302,Mali,R,Male,PhD Student,Bioinformatics,Université des Sciences,Mali,medical and health sciences,Mali,ML,Western Africa,Université des Sciences
4726,Kenya,S,Male,Pre-Doc,Biotechnology and Bioinformatics,Kenyatta University,Kenya,engineering and technology,Kenya,KE,Eastern Africa,Kenyatta University
5216,Cameroon,R,Male,Pre-Doc,Biochemistry,University of Buea,Cameroon,natural sciences,Cameroon,CM,Middle Africa,University of Buea
1077,Cameroon,R,Male,Phd Student,Molecular Cell Biology,University of Douala,Cameroon,natural sciences,Cameroon,CM,Middle Africa,University of Douala
9443,Kenya,S,Male,Pre-Doc,Computer Science and  Health Science,Noguchi Memorial Institute  for Medical Research,Ghana,natural sciences,Ghana,GH,Western Africa,Noguchi Memorial Institute for Medical Research
8236,Cameroon,R,Male,PhD Student,Biochemistry and  Microbiology,Université Nazi BONI de Bobo-Dioulasso,Burkina Faso,natural sciences,Burkina Faso,BF,Western Africa,Université Nazi BONI de Bobo-Dioulasso
1805,Kenya,S,Male,Post-Doc,"Medicine, Biomedical  Sciences, and  Bioinformatics",Supranational Reference  Laboratory,Uganda,social sciences,Uganda,UG,Eastern Africa,Supranational Reference Laboratory
5844,Kenya,R,Male,PhD Student,Computer Science,Makerere University,Uganda,natural sciences,Uganda,UG,Eastern Africa,Makerere University
6507,Kenya,S,Male,Pre-Doc,Biological Sciences  and Biotechnology,Botswana International  University of Science  and Technology,Botswana,natural sciences,Botswana,BW,Southern Africa,Botswana International University of Science and Technology
8580,Cameroon,R,Male,PhD Student,Biochemistry,University of Yaoundé I,Cameroon,natural sciences,Cameroon,CM,Middle Africa,Université de Yaoundé II
8015,Kenya,R,Male,Pre-Doc,Microbiology,University of Science,Mali,natural sciences,Mali,ML,Western Africa,University of Science
8015,Cameroon,R,Male,Pre-Doc,Applied Microbiology & Biotechnology,Université des Sciences,Mali,natural sciences,Mali,ML,Western Africa,Université des Sciences
8756,Kenya,S,Male,Pre-Doc,Biotechnology,Kenyatta University,Kenya,engineering and technology,Kenya,KE,Eastern Africa,Kenyatta University
5900,Kenya,S,Female,PhD Student,Materials Chemistry,University of Dschang,Cameroon,medical and health sciences,Cameroon,CM,Middle Africa,University of Dschang
5900,Cameroon,R,Female,PhD Student,Materials Chemistry,University of Dschang,Cameroon,medical and health sciences,Cameroon,CM,Middle Africa,University of Dschang
1854,Cameroon,R,Female,Post-Doc,Biochemistry,Federal University of Technology,Nigeria,natural sciences,Nigeria,NG,Western Africa,Federal University of Technology
5668,Kenya,R,Female,Pre-Doc,Medicine,Al Shifa Hospital,Sudan,medical and health sciences,Sudan,SD,Northern Africa,Al Shifa Hospital
2477,Mali,R,Female,Post-Doc,Structural Biology,International Centre for Genetic Engineering and Biotechnology,Italy,natural sciences,Italy,IT,Southern Europe,International Centre for Genetic Engineering and Biotechnology
5236,Cameroon,S,Male,Post-Doc,Molecular Biology,University of Douala,Cameroon,natural sciences,Cameroon,CM,Middle Africa,University of Douala
4504,Cameroon,R,Male,Pre-Doc,Biochemistry and Microbiology,Université des Sciences,Mali,natural sciences,Mali,ML,Western Africa,Université des Sciences
4504,Kenya,S,Male,Pre-Doc,Entomology and  Parasitology,University of Science,Mali,medical and health sciences,Mali,ML,Western Africa,University of Science
8012,Cameroon,R,Male,Pre-Doc,Biotechnology and  Molecular Biology,University of Buea,Cameroon,natural sciences,Cameroon,CM,Middle Africa,University of Buea
6521,Kenya,R,Female,Senior Scientist,Genetics and Cell Biology,Univeristy of Calabar,Nigeria,natural sciences,Nigeria,NG,Western Africa,University of Calabar
5993,Kenya,S,Male,Post-Doc,"Biochemistry, Microbiology, and Pharmacology",University of Abomey-Calavi,Benin,natural sciences,Benin,BJ,Western Africa,University of Abomey-Calavi
2795,Cameroon,S,Female,Post-Doc,Biochemistry,CRID (Centre for research  in infectious diseases),Cameroon,natural sciences,Cameroon,CM,Middle Africa,CRID (Centre for research in infectious diseases)
9795,Kenya,S,Male,PhD Student,"Molecular Biology,  Biochemistry and  Molecular Parasitology",University Félix  Houphouët Boigny,Ivory Coast,medical and health sciences,Côte d’Ivoire,CI,Western Africa,Université Félix Houphouët-Boigny
2577,Kenya,S,Female,Pre-Doc,Molecular Biology  and Biotechnology,Nelson Mandela  – African Institution of  Science and Technology,Tanzania,natural sciences,United Republic of Tanzania,TZ,Eastern Africa,Nelson Mandela African Institution of Science and Technology
7434,Cameroon,R,Male,Post-Doc,Parasitology and  Biotechnology,University of Douala,Cameroon,medical and health sciences,Cameroon,CM,Middle Africa,University of Douala
5197,Kenya,S,Male,PhD Student,Molecular and  Cellular Biolog,Institute of Agricultural  Research for Development  (IRAD),Cameroon,unknown,Cameroon,CM,Middle Africa,Institute of Agricultural Research for Development (IRAD)
4685,Kenya,R,Female,Pre-Doc,Medical Laboratory  Sciences,Health and Laboratory Consultations,Saudi Arabia,engineering and technology,Saudi Arabia,SA,Western Asia,Health and Laboratory Consultations
9897,Kenya,S,Male,Pre-Doc,Biochemistry,South Valley University,Egyp,natural sciences,Egypt,EG,Northern Africa,South Valley University
4172,Mali,S,Male,Post-Doc,Unknown,Unknown,Unknown,unknown,Unknown,,Unknown,Unknown
9733,Kenya,R,Male,Pre-Doc,Pharmacy,University of Gezira,Sudan,medical and health sciences,Sudan,SD,Northern Africa,University of Gezira
2430,Cameroon,S,Male,Senior Scientist,Biochemistry,Botswana International  University of Science and  Technology,Botswana,natural sciences,Botswana,BW,Southern Africa,Botswana International University of Science and Technology
6266,Kenya,R,Female,Pre-Doc,Electrical and Electronics  Engineering (Power  Options),Meru University of  Science and Technology,Kenya,engineering and technology,Kenya,KE,Eastern Africa,Meru University of Science and Technology
2297,Cameroon,R,Female,PhD Student,Animal Biology,University of Yaoundé I,Cameroon,natural sciences,Cameroon,CM,Middle Africa,Université de Yaoundé II
2484,Cameroon,R,Female,Post-Doc,Biochemistry,CRID (Centre for research  in infectious diseases),Cameroon,natural sciences,Cameroon,CM,Middle Africa,CRID (Centre for research in infectious diseases)
3087,Cameroon,R,Female,Pre-Doc,Biochemistry,CRID (Centre for research  in infectious diseases),Cameroon,natural sciences,Cameroon,CM,Middle Africa,CRID (Centre for research in infectious diseases)
4394,Cameroon,R,Male,PhD Student,Population  Genetics,Cheikh Anta Diop University and Institut Pasteur  de Dakar,Senegal,medical and health sciences,Senegal,SN,Western Africa,Cheikh Anta Diop University and Institut Pasteur de Dakar
5758,Kenya,R,Female,Pre-Doc,"Medical Laboratory  Sciences, Medical  Parasitology and  Bioinformatics",University of Science  and Technology,Sudan,medical and health sciences,Sudan,SD,Northern Africa,Sudan University of Science and Technology
1318,Kenya,R,Female,Pre-Doc,Pharmacy,Makerere University,Uganda,medical and health sciences,Uganda,UG,Eastern Africa,Makerere University
4155,Kenya,R,Male,Pre-Doc,Aeronautical Engineering,Sudanese Red  Crescent Society,Sudan,engineering and technology,Sudan,SD,Northern Africa,Sudanese Red Crescent Society
2656,Kenya,R,Male,Pre-Doc,Medicine,Sudan International  University,Sudan,medical and health sciences,Sudan,SD,Northern Africa,Sudan International University
9122,Mali,R,Male,Pre-Doc,Structural Biology,Université des Sciences,Mali,natural sciences,Mali,ML,Western Africa,Université des Sciences
4594,Kenya,S,Male,Pre-Doc,Pharmacy,Egypt-japanese University  for Science and Technology,Egypt,medical and health sciences,Egypt,EG,Northern Africa,Egypt-Japan University of Science and Technology
4335,Kenya,R,Male,Senior Scientist,Bioinformatics,University of Sadat City,Egypt,medical and health sciences,Egypt,EG,Northern Africa,University of Sadat City
4376,Cameroon,R,Male,Pre-Doc,Biochemistry,Kwame Nkrumah University of Science and Technology,Ghana,natural sciences,Ghana,GH,Western Africa,Kwame Nkrumah University of Science and Technology
9262,Cameroon,R,Male,Post-Doc,Virology and Immunology,Institut Pasteur de Dakar,Senegal,medical and health sciences,Senegal,SN,Western Africa,Institut Pasteur de Dakar
1373,Mali,R,Male,Pre-Doc,"Bioinformatics, Biochemistry",Université des Sciences,Mali,natural sciences,Mali,ML,Western Africa,Université des Sciences
4252,Kenya,R,Male,Post-Doc,Biochemistry and Molecular Biology,University of Bakht alruda,Sudan,natural sciences,Sudan,SD,Northern Africa,University of Bakhtalruda
7224,Kenya,S,Male,Pre-Doc,Health Biotechnology,National Veterinary  Institute,Kenya,natural sciences,Kenya,KE,Eastern Africa,National Veterinary Institute
5187,Kenya,R,Male,Senior Scientist,Biochemistry,Bayero University,Nigeria,natural sciences,Nigeria,NG,Western Africa,Bayero University
8699,Kenya,R,Male,Pre-Doc,Medical Laboratory  Science,Alfira New West  Medical Center,Sudan,engineering and technology,Sudan,SD,Northern Africa,Alfira New West Medical Center
4422,Kenya,S,Male,PhD Student,Bioinformatics,Makerere University,Uganda,medical and health sciences,Uganda,UG,Eastern Africa,Makerere University
6314,Kenya,R,Male,Pre-Doc,Molecular  Microbiology and Biology,Northeast Forestry  University,China,natural sciences,China,CN,Eastern Asia,Northeast Forestry University
7580,Kenya,S,Female,Pre-Doc,Biotechnology and Bioinformatics,Makerere University,Uganda,engineering and technology,Uganda,UG,Eastern Africa,Makerere University
7424,Kenya,R,Male,Pre-Doc,Biochemistry,Unknown,Unknown,natural sciences,Unknown,,Unknown,Unknown
9988,Kenya,S,Male,Pre-Doc,Veterinary Vaccine  Production and  Quality Control,Livestock Research institute for Development,Tchad,unknown,Chad,TD,Middle Africa,Livestock Research institute for Development
1571,Cameroon,R,Male,Unknown,Biochemistry,Kwame Nkrumah University of Science and Technology,Ghana,natural sciences,Ghana,GH,Western Africa,Kwame Nkrumah University of Science and Technology
1571,Kenya,S,Male,Pre-Doc,Biochemistry,Kwame Nkrumah University  of Science and Technology,Ghana,natural sciences,Ghana,GH,Western Africa,Kwame Nkrumah University of Science and Technology
1289,Cameroon,S,Female,PhD Student,Biochemistry,University of Buea and  CRID (Centre for research  in infectious diseases),Cameroon,natural sciences,Cameroon,CM,Middle Africa,University of Buea and CRID (Centre for research in infectious diseases)
8667,Kenya,S,Female,PhD Student,Medical Biotechnology  and Human Genetics,University of Calabar,Nigeria,unknown,Nigeria,NG,Western Africa,University of Calabar
2803,Cameroon,R,Female,Pre-Doc,Molecular Biology  and Biotechnology,University of Buea and  CRID (Centre for research  in infectious diseases),Cameroon,natural sciences,Cameroon,CM,Middle Africa,University of Buea and CRID (Centre for research in infectious diseases)
3305,Cameroon,S,Female,Pre,Biochemistry  (Pharmacology),University of Dschang,Cameroon,natural sciences,Cameroon,CM,Middle Africa,University of Dschang
7215,Kenya,S,Male,PhD Student,Animal Physiology  and Pharmacology,University of Yaounde I,Cameroon,medical and health sciences,Cameroon,CM,Middle Africa,Université de Yaoundé II
1782,Kenya,R,Male,Senior Scientist,Biochemistry and Virology,University of the Free State,South Africa,natural sciences,South Africa,ZA,Southern Africa,University of the Free State
1782,Cameroon,R,Male,Senior Scientist,Biochemistry and  Structural Biology,University of the Free State,South Africa,natural sciences,South Africa,ZA,Southern Africa,University of the Free State
1328,Cameroon,R,Female,PhD Student,Parasitology,University of Yaoundé I,Cameroon,medical and health sciences,Cameroon,CM,Middle Africa,Université de Yaoundé II
5606,Kenya,S,Female,Post-Doc,Biochemistry,University of Benin,Nigeria,natural sciences,Nigeria,NG,Western Africa,University of Benin
8474,Kenya,S,Female,Pre-Doc,Biochemistry and  Molecular Biology,Jomo Kenyatta University  of Agriculture and  Technology,Kenya,natural sciences,Kenya,KE,Eastern Africa,Jomo Kenyatta University of Agriculture and Technology
4906,Kenya,R,Male,Pre-Doc,Computer Science and  Information Technology,Egypt-japanese University  for Science and Technology,Egypt,natural sciences,Egypt,EG,Northern Africa,Egypt-Japan University of Science and Technology
1717,Kenya,S,Male,PhD Student,Bioinformatics,Makerere University,Uganda,medical and health sciences,Uganda,UG,Eastern Africa,Makerere University
9074,Cameroon,R,Female,Pre-Doc,Biochemistry,CRID (Centre for research  in infectious diseases),Cameroon,natural sciences,Cameroon,CM,Middle Africa,CRID (Centre for research in infectious diseases)
2260,Kenya,R,Female,Post-Doc,Pharmacy,Burundi Central  Medical Store  (CAMEBU),Burundi,medical and health sciences,Burundi,BI,Eastern Africa,Burundi Central Medical Store (CAMEBU)
1726,Mali,R,Male,Pre-Doc,"Structural Biology, Physiology",Ministère des Enseignements Secondaires,Cameroon,medical and health sciences,Cameroon,CM,Middle Africa,Ministère des Enseignements Secondaires
3474,Kenya,R,Male,Senior Scientist,Veterinary Medicine,University of Ibadan,Nigeria,agricultural and veterinary sciences,Nigeria,NG,Western Africa,University of Ibadan
3474,Cameroon,R,Male,Senior Scientist,Veterinary  Pharmacology,University of Ibadan,Nigeria,medical and health sciences,Nigeria,NG,Western Africa,University of Ibadan
6114,Kenya,S,Male,Pre-Doc,Biochemistry,Kwame Nkrumah University  of Science and Technology,Ghana,natural sciences,Ghana,GH,Western Africa,Kwame Nkrumah University of Science and Technology
6114,Cameroon,R,Male,Pre-Doc,Biochemistry,Kwame Nkrumah University of Science and Technology,Ghana,natural sciences,Ghana,GH,Western Africa,Kwame Nkrumah University of Science and Technology
1190,Cameroon,S,Female,Pre-Doc,Biochemistry,University of Buea,Cameroon,natural sciences,Cameroon,CM,Middle Africa,University of Buea
6457,Cameroon,R,Male,Pre-Doc,Medical Laboratory Sciences,Kampala capital  city authority,Uganda,engineering and technology,Uganda,UG,Eastern Africa,Kampala capital city authority
7762,Kenya,R,Male,Post-Doc,Biochemistry,Ace Medicare Clinics,Nigeria,natural sciences,Nigeria,NG,Western Africa,Ace Medicare Clinics
1351,Kenya,S,Female,Pre-Doc,Biochemistry,Federal University Oye Ekiti,Nigeria,natural sciences,Nigeria,NG,Western Africa,Federal University Oye Ekiti
7380,Kenya,R,Male,Pre-Doc,Medical Laboratory Science and Medical Microbiology,Lagos State College Of  Health Technology,Nigeria,natural sciences,Nigeria,NG,Western Africa,Lagos State College Of Health Technology
9190,Kenya,R,Male,Senior Scientist,Veterinary Medecine,Ministry of Agriculture,Nigeria,agricultural and veterinary sciences,Nigeria,NG,Western Africa,Ministry of Agriculture
1148,Cameroon,S,Male,Senior Scientist,Biochemistry,University of Ibadan,Nigeria,natural sciences,Nigeria,NG,Western Africa,University of Ibadan
2438,Cameroon,R,Male,PhD Student,Bioinformatics,Redeemer’s University,Nigeria,medical and health sciences,Nigeria,NG,Western Africa,Redeemer's University
3895,Kenya,R,Male,PhD Student,Industrial Chemistry,Covenant University,Nigeria,natural sciences,Nigeria,NG,Western Africa,Covenant University
7003,Kenya,R,Male,Phd Student,Microbiology,Federal University  Oye-ekiti,Nigeria,natural sciences,Nigeria,NG,Western Africa,Federal University Oye Ekiti
3508,Kenya,R,Male,PhD Student,Biochemistry,Crescent University,Ghana,natural sciences,Ghana,GH,Western Africa,Crescent University
1475,Kenya,S,Female,Post-Doc,Biochemistry,University of Benin,Nigeria,natural sciences,Nigeria,NG,Western Africa,University of Benin
4634,Cameroon,R,Male,Post-Doc,Pharmacy,University of Buea,Cameroon,medical and health sciences,Cameroon,CM,Middle Africa,University of Buea
7749,Cameroon,R,Female,Pre-Doc,Microbiology and  Public Health,Kenyatta University,Kenya,natural sciences,Kenya,KE,Eastern Africa,Kenyatta University
7429,Kenya,S,Male,Pre-Doc,Biochemistry and  Pharmaceutical  Microbiology,Kwame Nkrumah University of Science And  Technology,Ghana,natural sciences,Ghana,GH,Western Africa,Kwame Nkrumah University of Science and Technology
7543,Kenya,S,Female,PhD Student,Human Genetics,University of Calabar,Nigeria,natural sciences,Nigeria,NG,Western Africa,University of Calabar
2608,Kenya,S,Male,Pre-Doc,Bioinformatics,African Center of Excellence  in Bioinformatics And  Data Science of Bamako,Mali,medical and health sciences,Mali,ML,Western Africa,African Center of Excellence in Bioinformatics And Data Science of Bamako
2608,Cameroon,R,Male,Pre-Doc,Bioinformatics,Université des Sciences,Mali,medical and health sciences,Mali,ML,Western Africa,Université des Sciences
1167,Kenya,S,Male,Post-Doc,"Public Health,  Microbiology and Biochemistry",Institut Pasteur  De Dakar,Senegal,natural sciences,Senegal,SN,Western Africa,Institut Pasteur de Dakar
1424,Kenya,R,Male,Unknown,Vaccinology,Ministry of Health,Gambia,natural sciences,Gambia,GM,Western Africa,Ministry of Health
4474,Kenya,R,Female,Senior Scientist,Medical Laboratory Science,Lagos State Ministry  of Health,Nigeria,engineering and technology,Nigeria,NG,Western Africa,Lagos State Ministry of Health
9145,Mali,R,Male,Pre-Doc,Microbiology,Acharya Prafulla Chandra College,India,natural sciences,India,IN,Southern Asia,Acharya Prafulla Chandra College
3719,Kenya,S,Female,PhD Student,Medical Microbiology,Jomo Kenyatta University  of Agriculture and  Technology,Kenya,natural sciences,Kenya,KE,Eastern Africa,Jomo Kenyatta University of Agriculture and Technology
4768,Kenya,S,Female,Post-Doc,Medical Virology,Kenyatta University,Kenya,natural sciences,Kenya,KE,Eastern Africa,Kenyatta University
9704,Mali,R,Female,Pre-Doc,Unknown,Acharya Prafulla Chandra College,India,unknown,India,IN,Southern Asia,Acharya Prafulla Chandra College
2196,Cameroon,R,Male,Pre-Doc,Biochemistry,University of Ghana,Ghana,natural sciences,Ghana,GH,Western Africa,University of Ghana
2196,Kenya,R,Male,Pre-Doc,Virology,Noguchi Memorial Institute  for Medical Research,Ghana,natural sciences,Ghana,GH,Western Africa,Noguchi Memorial Institute for Medical Research
4705,Mali,R,Female,Pre-Doc,Unknown,Korle-Bu Teaching Hospital (KBTH),Ghana,unknown,Ghana,GH,Western Africa,Korle-Bu Teaching Hospital (KBTH)
8573,Mali,S,Male,PhD Student,Structural Biology,Université des Sciences,Mali,natural sciences,Mali,ML,Western Africa,Université des Sciences
4581,Kenya,S,Female,Pre-Doc,Computer Sciences,African Center Of Excellence in Bioinformatics  and Data Intensive Sciences,Uganda,natural sciences,Uganda,UG,Eastern Africa,African Center Of Excellence in Bioinformatics and Data Intensive Sciences
3065,Kenya,R,Female,Pre-Doc,Microbiology and Immunology,Egyptian Drug Authority,Egypt,natural sciences,Egypt,EG,Northern Africa,Egyptian Drug Authority
8139,Kenya,S,Male,PhD Student,Crop Science,Nelson Mandela African  Institution of Science  and Technology,Tanzania,medical and health sciences,United Republic of Tanzania,TZ,Eastern Africa,Nelson Mandela African Institution of Science and Technology
3587,Mali,R,Male,Pre-Doc,Medicine,University of Ghana,Ghana,medical and health sciences,Ghana,GH,Western Africa,University of Ghana
9906,Kenya,S,Female,Pre-Doc,Chemoinformatics,Covenant University,Nigeria,social sciences,Nigeria,NG,Western Africa,Covenant University
8544,Mali,R,Male,PhD Student,Structural Biology,KEMRI Centre for Geographic Medical Research,Kenya,natural sciences,Kenya,KE,Eastern Africa,KEMRI Centre for Geographic Medical Research
1199,Cameroon,S,Male,Post-Doc,Clinical Biochemistry and  Molecular Parasitology,University of Dschang,Cameroon,medical and health sciences,Cameroon,CM,Middle Africa,University of Dschang
6285,Kenya,S,Female,Pre-Doc,"Biochemistry, Infectious  Diseases and  Vaccinology",Jomo Kenyatta University,Kenya,unknown,Kenya,KE,Eastern Africa,Jomo Kenyatta University
8116,Kenya,R,Female,Pre-Doc,Medical Laboratory  Science,University of Nairobi,Kenya,engineering and technology,Kenya,KE,Eastern Africa,University of Nairobi
7160,Cameroon,S,Female,PhD Student,Biomedical Sciences,Cheikh Anta Diop University and Institut Pasteur  de Dakar,Senegal,medical and health sciences,Senegal,SN,Western Africa,Cheikh Anta Diop University and Institut Pasteur de Dakar
1420,Kenya,R,Female,Unknown,Pharmacy and Vetenary Medecine,Aboolabbas Pharmacy,Sudan,unknown,Sudan,SD,Northern Africa,Aboolabbas Pharmacy
8436,Kenya,R,Male,Pre-Doc,Tropical Animal Health,-,Saudi Arabia,unknown,Saudi Arabia,SA,Western Asia,-
1283,Cameroon,R,Male,Post-Doc,Organic Chemistry,Prince Abubakar  Audu University,Nigeria,natural sciences,Nigeria,NG,Western Africa,Kogi State University
2207,Cameroon,R,Male,Pre-Doc,Microbiology,Université des Sciences,Mali,natural sciences,Mali,ML,Western Africa,Université des Sciences
9510,Cameroon,R,Male,Pre-Doc,Computational  Chemistry,Federal University  of Wukari,Nigeria,medical and health sciences,Nigeria,NG,Western Africa,Federal University Wukari
9510,Kenya,R,Male,Pre-Doc,Physical Chemistry,Federal University  Wukari,Nigeria,natural sciences,Nigeria,NG,Western Africa,Federal University Wukari
4053,Mali,R,Male,Unknown,Agricultural Sciences,Department of Agriculture,India,agricultural and veterinary sciences,India,IN,Southern Asia,Department of Agriculture
5348,Cameroon,S,Male,Post-Doc,Molecular and  Medical Microbiology,University of Abomey- Calavi,Benin,natural sciences,Benin,BJ,Western Africa,University of Abomey- Calavi
6341,Kenya,R,Male,Post-Doc,Biochemistry,University of Buea,"Germany, Cameroon",natural sciences,Cameroon,CM,Middle Africa,University of Buea
2908,Kenya,R,Male,Post-Doc,Molecular Biology,Institut Pasteur  De Dakar,Senegal,natural sciences,Senegal,SN,Western Africa,Institut Pasteur de Dakar
9639,Mali,S,Female,Post-Doc,Unknown,University of Cambridge,United Kingdom,unknown,United Kingdom of Great Britain and Northern Ireland,GB,Northern Europe,University of Cambridge
1449,Mali,R,Male,Pre-Doc,Unknown,Pondicherry University,India,unknown,India,IN,Southern Asia,Pondicherry University
6237,Kenya,R,Male,PhD Student,Microbiology,Vellore Institute of  Technology,India,natural sciences,India,IN,Southern Asia,Vellore Institute of Technology
7885,Cameroon,R,Male,Unknown,Animal Bioloy and Parasitology,Cheikh Anta Diop University de Dakar,Senegal,medical and health sciences,Senegal,SN,Western Africa,Cheikh Anta Diop University de Dakar
1385,Kenya,S,Male,PhD Student,Molecular Biology,Makerere University,Uganda,natural sciences,Uganda,UG,Eastern Africa,Makerere University
5760,Kenya,S,Male,PhD Student,Organic Chemistry,University of Yaounde I,Cameroon,natural sciences,Cameroon,CM,Middle Africa,Université de Yaoundé II
7756,Kenya,S,Female,Post-Doc,"Molecular Biology,  Genetics and  Biotechnology",University of Calabar,Nigeria,natural sciences,Nigeria,NG,Western Africa,University of Calabar
3658,Cameroon,R,Male,PhD Student,Biochemistry,University of Bamenda and  CRID (Centre for research  in infectious diseases),Cameroon,natural sciences,Cameroon,CM,Middle Africa,University of Bamenda and CRID (Centre for research in infectious diseases)
3658,Kenya,R,Male,PhD Student,Biochemistry and  Molecular Biology,University of Bamenda,Cameroon,natural sciences,Cameroon,CM,Middle Africa,University of Bamenda
8817,Kenya,S,Male,Pre-Doc,Cellular and  Molecular Biology,University of Douala,Cameroon,natural sciences,Cameroon,CM,Middle Africa,University of Douala
6048,Cameroon,R,Male,Pre-Doc,Biochemistry,University of Buea,Cameroon,natural sciences,Cameroon,CM,Middle Africa,University of Buea
6374,Kenya,S,Male,PhD Student,Biological Sciences &  Biotechnology,Botswana International  University of Science  & Technology (BIUST),Botswana,natural sciences,Botswana,BW,Southern Africa,Botswana International University of Science & Technology (BIUST)
2648,Kenya,R,Male,PhD Student,Organic chemistry,University of Yaounde I,Cameroon,natural sciences,Cameroon,CM,Middle Africa,Université de Yaoundé II
9799,Cameroon,R,Male,Pre-Doc,Biochemistry,University of Buea,Cameroon,natural sciences,Cameroon,CM,Middle Africa,University of Buea
9765,Cameroon,S,Male,PhD Student,Biochemistry,CRID (Centre for research  in infectious diseases),Cameroon,natural sciences,Cameroon,CM,Middle Africa,CRID (Centre for research in infectious diseases)
5647,Cameroon,S,Female,PhD Student,Biochemistry,University of Buea and  CRID (Centre for research  in infectious diseases),Cameroon,natural sciences,Cameroon,CM,Middle Africa,University of Buea and CRID (Centre for research in infectious diseases)
9326,Kenya,S,Female,Pre-Doc,Bioinformatics and Biotechnology,Addis Ababa University,Ethiopia,engineering and technology,Ethiopia,ET,Eastern Africa,Addis Ababa University
8441,Cameroon,R,Male,Post-Doc,Biochemistry,University of Dschang,Cameroon,natural sciences,Cameroon,CM,Middle Africa,University of Dschang
7832,Cameroon,R,Male,PhD Student,Microbiology,University of Abomey-Calavi,Benin,natural sciences,Benin,BJ,Western Africa,University of Abomey-Calavi
3456,Kenya,S,Male,Pre-Doc,Biotechnology and  Bioinformatics,Addis Ababa University,Ethiopia,engineering and technology,Ethiopia,ET,Eastern Africa,Addis Ababa University
9747,Kenya,R,Male,Pre-Doc,Biochemistry,Federal University Of  Technology,Nigeria,natural sciences,Nigeria,NG,Western Africa,Federal University of Technology
6927,Mali,R,Male,Pre-Doc,Unknown,Ladoke Akintola University of Technology,Nigeria,unknown,Nigeria,NG,Western Africa,Ladoke Akintola University of Technology
7904,Kenya,S,Female,PhD Student,Membrane Biochemistry  and Biotechnology,University Of Ibadan,Nigeria,natural sciences,Nigeria,NG,Western Africa,University of Ibadan
2326,Kenya,S,Male,PhD Student,Biochemistry,University of Johannesburg,South Africa,natural sciences,South Africa,ZA,Southern Africa,University of Johannesburg
2150,Mali,R,Male,Post-Doc,Biochemistry,University Of Uyo,Nigeria,natural sciences,Nigeria,NG,Western Africa,University of Uyo
8856,Mali,R,Female,Post-Doc,Biochemistry,University Of Uyo,Nigeria,natural sciences,Nigeria,NG,Western Africa,University of Uyo
9309,Cameroon,R,Female,Pre-Doc,Biochemistry,Federal University Otuoeke,Nigeria,natural sciences,Nigeria,NG,Western Africa,Federal University Otuoke
7336,Kenya,R,Male,Post-Doc,Pharmacognosy,Hussaini Adamu  Federal Polytechnic,Nigeria,unknown,Nigeria,NG,Western Africa,Hussaini Adamu Federal Polytechnic
9459,Cameroon,R,Female,PhD Student,Biochemistry and Molecular Biology,CRID (Centre for research  in infectious diseases),Cameroon,natural sciences,Cameroon,CM,Middle Africa,CRID (Centre for research in infectious diseases)
9459,Kenya,S,Female,PhD Student,Medical Entomoloy and Biochemistry,Crid (Centre for Research  in Infectious Diseases),Cameroon,natural sciences,Cameroon,CM,Middle Africa,Centre for Research in Infectious Diseases
3518,Kenya,R,Male,Pre-Doc,Anatomy,University of Medical  Sciences,Nigeria,medical and health sciences,Nigeria,NG,Western Africa,PAMO University of Medical Sciences
5335,Cameroon,S,Male,Pre-Doc,Biotechnology,University of Alexandria,Egypt,engineering and technology,Egypt,EG,Northern Africa,University of Alexandria
5381,Kenya,S,Male,Pre-Doc,Biomedical Laboratory Technology and  Bioinformatics,Makerere University,Uganda,engineering and technology,Uganda,UG,Eastern Africa,Makerere University
5240,Cameroon,R,Female,Pre-Doc,Food and Industrial  Microbiology,Institute of Medical research  and Medicinal Plant  studies (IMPM),Cameroon,natural sciences,Cameroon,CM,Middle Africa,Institute of Medical research and Medicinal Plant studies (IMPM)
7796,Kenya,R,Male,Senior Scientist,Organic Chemistry,Murang’a University of  Technology,Kenya,natural sciences,Kenya,KE,Eastern Africa,Murang'a University of Technology
1978,Cameroon,R,Male,Pre-Doc,Infectious Biology  and Control,University of Tübingen,"Germany, Cameroon",natural sciences,Cameroon,CM,Middle Africa,University of Tübingen
6281,Kenya,S,Male,PhD Student,Biochemistry,University of Yaounde I,Cameroon,natural sciences,Cameroon,CM,Middle Africa,Université de Yaoundé II
3610,Cameroon,R,Male,Senior Scientist,Veterinary  Microbiology,Ahmadu Bello University,Nigeria,natural sciences,Nigeria,NG,Western Africa,Ahmadu Bello University
1296,Kenya,S,Male,Post-Doc,Medical Parasitology,University of Bamenda,Cameroon,medical and health sciences,Cameroon,CM,Middle Africa,University of Bamenda
5205,Kenya,S,Male,Pre-Doc,Biotechnology,Ain Shams University,Egpyt,engineering and technology,Unknown,,Unknown,Ain Shams University
8405,Kenya,R,Female,Senior Scientist,Molecular Microbiology,Bio and Emerging  technology Institute  (betin),Ethiopia,natural sciences,Ethiopia,ET,Eastern Africa,Bio and Emerging technology Institute (betin)
8405,Cameroon,S,Female,Post-Doc,Molecular  Microbiology,Bio and Emerging Technology Institute (BETin),Ethiopia,natural sciences,Ethiopia,ET,Eastern Africa,Bio and Emerging Technology Institute (BETin)
9106,Kenya,S,Male,Post-Doc,Molecular Biomdeical Engineering,Nelson Mandela African  Institution of Science  and Technology,Tanzania,engineering and technology,United Republic of Tanzania,TZ,Eastern Africa,Nelson Mandela African Institution of Science and Technology
1011,Mali,S,Male,Pre-Doc,Structural Biology,Unknown,Unknown,natural sciences,Unknown,,Unknown,Unknown
5626,Kenya,R,Female,Pre-Doc,Bioinformatics and Biochemistry,-,United Arab Emirates,natural sciences,United Arab Emirates,AE,Western Asia,-
1727,Kenya,R,Male,Pre-Doc,Medical Laboratories  Sciences and  Microbiology and  Immunology,Alzaiem Alazhari University,Sudan,natural sciences,Sudan,SD,Northern Africa,Alzaiem Alazhari University
8008,Kenya,S,Female,PhD Student,Biotechnology,Ahmadu Bello University,Nigeria,engineering and technology,Nigeria,NG,Western Africa,Ahmadu Bello University
5825,Kenya,S,Male,Post-Doc,Medical Microbiology and Infectious Diseases,University of Nairobi,Kenya,medical and health sciences,Kenya,KE,Eastern Africa,University of Nairobi
