﻿iso_alpha2,country_or_area,subregion
DZ,Algeria,Northern Africa
EG,Egypt,Northern Africa
LY,Libya,Northern Africa
MA,Morocco,Northern Africa
SD,Sudan,Northern Africa
TN,Tunisia,Northern Africa
EH,Western Sahara,Northern Africa
IO,British Indian Ocean Territory,Eastern Africa
BI,Burundi,Eastern Africa
KM,Comoros,Eastern Africa
DJ,Djibouti,Eastern Africa
ER,Eritrea,Eastern Africa
ET,Ethiopia,Eastern Africa
TF,French Southern Territories,Eastern Africa
KE,Kenya,Eastern Africa
MG,Madagascar,Eastern Africa
MW,Malawi,Eastern Africa
MU,Mauritius,Eastern Africa
YT,Mayotte,Eastern Africa
MZ,Mozambique,Eastern Africa
RE,Réunion,Eastern Africa
RW,Rwanda,Eastern Africa
SC,Seychelles,Eastern Africa
SO,Somalia,Eastern Africa
SS,South Sudan,Eastern Africa
UG,Uganda,Eastern Africa
TZ,United Republic of Tanzania,Eastern Africa
ZM,Zambia,Eastern Africa
ZW,Zimbabwe,Eastern Africa
AO,Angola,Middle Africa
CM,Cameroon,Middle Africa
CF,Central African Republic,Middle Africa
TD,Chad,Middle Africa
CG,Congo,Middle Africa
CD,Democratic Republic of the Congo,Middle Africa
GQ,Equatorial Guinea,Middle Africa
GA,Gabon,Middle Africa
ST,Sao Tome and Principe,Middle Africa
BW,Botswana,Southern Africa
SZ,Eswatini,Southern Africa
LS,Lesotho,Southern Africa
ZA,South Africa,Southern Africa
BJ,Benin,Western Africa
BF,Burkina Faso,Western Africa
CV,Cabo Verde,Western Africa
CI,Côte d’Ivoire,Western Africa
GM,Gambia,Western Africa
GH,Ghana,Western Africa
GN,Guinea,Western Africa
GW,Guinea-Bissau,Western Africa
LR,Liberia,Western Africa
ML,Mali,Western Africa
MR,Mauritania,Western Africa
NE,Niger,Western Africa
NG,Nigeria,Western Africa
SH,Saint Helena,Western Africa
SN,Senegal,Western Africa
SL,Sierra Leone,Western Africa
TG,Togo,Western Africa
AI,Anguilla,Caribbean
AG,Antigua and Barbuda,Caribbean
AW,Aruba,Caribbean
BS,Bahamas,Caribbean
BB,Barbados,Caribbean
BQ,"Bonaire, Sint Eustatius and Saba",Caribbean
VG,British Virgin Islands,Caribbean
KY,Cayman Islands,Caribbean
CU,Cuba,Caribbean
CW,Curaçao,Caribbean
DM,Dominica,Caribbean
DO,Dominican Republic,Caribbean
GD,Grenada,Caribbean
GP,Guadeloupe,Caribbean
HT,Haiti,Caribbean
JM,Jamaica,Caribbean
MQ,Martinique,Caribbean
MS,Montserrat,Caribbean
PR,Puerto Rico,Caribbean
BL,Saint Barthélemy,Caribbean
KN,Saint Kitts and Nevis,Caribbean
LC,Saint Lucia,Caribbean
MF,Saint Martin (French Part),Caribbean
VC,Saint Vincent and the Grenadines,Caribbean
SX,Sint Maarten (Dutch part),Caribbean
TT,Trinidad and Tobago,Caribbean
TC,Turks and Caicos Islands,Caribbean
VI,United States Virgin Islands,Caribbean
BZ,Belize,Central America
CR,Costa Rica,Central America
SV,El Salvador,Central America
GT,Guatemala,Central America
HN,Honduras,Central America
MX,Mexico,Central America
NI,Nicaragua,Central America
PA,Panama,Central America
AR,Argentina,South America
BO,Bolivia (Plurinational State of),South America
BV,Bouvet Island,South America
BR,Brazil,South America
CL,Chile,South America
CO,Colombia,South America
EC,Ecuador,South America
FK,Falkland Islands (Malvinas),South America
GF,French Guiana,South America
GY,Guyana,South America
PY,Paraguay,South America
PE,Peru,South America
GS,South Georgia and the South Sandwich Islands,South America
SR,Suriname,South America
UY,Uruguay,South America
VE,Venezuela (Bolivarian Republic of),South America
BM,Bermuda,Northern America
CA,Canada,Northern America
GL,Greenland,Northern America
PM,Saint Pierre and Miquelon,Northern America
US,United States of America,Northern America
AQ,Antarctica,
KZ,Kazakhstan,Central Asia
KG,Kyrgyzstan,Central Asia
TJ,Tajikistan,Central Asia
TM,Turkmenistan,Central Asia
UZ,Uzbekistan,Central Asia
CN,China,Eastern Asia
HK,"China, Hong Kong Special Administrative Region",Eastern Asia
MO,"China, Macao Special Administrative Region",Eastern Asia
KP,Democratic People's Republic of Korea,Eastern Asia
JP,Japan,Eastern Asia
MN,Mongolia,Eastern Asia
KR,Republic of Korea,Eastern Asia
BN,Brunei Darussalam,South-eastern Asia
KH,Cambodia,South-eastern Asia
ID,Indonesia,South-eastern Asia
LA,Lao People's Democratic Republic,South-eastern Asia
MY,Malaysia,South-eastern Asia
MM,Myanmar,South-eastern Asia
PH,Philippines,South-eastern Asia
SG,Singapore,South-eastern Asia
TH,Thailand,South-eastern Asia
TL,Timor-Leste,South-eastern Asia
VN,Viet Nam,South-eastern Asia
AF,Afghanistan,Southern Asia
BD,Bangladesh,Southern Asia
BT,Bhutan,Southern Asia
IN,India,Southern Asia
IR,Iran (Islamic Republic of),Southern Asia
MV,Maldives,Southern Asia
NP,Nepal,Southern Asia
PK,Pakistan,Southern Asia
LK,Sri Lanka,Southern Asia
AM,Armenia,Western Asia
AZ,Azerbaijan,Western Asia
BH,Bahrain,Western Asia
CY,Cyprus,Western Asia
GE,Georgia,Western Asia
IQ,Iraq,Western Asia
IL,Israel,Western Asia
JO,Jordan,Western Asia
KW,Kuwait,Western Asia
LB,Lebanon,Western Asia
OM,Oman,Western Asia
QA,Qatar,Western Asia
SA,Saudi Arabia,Western Asia
PS,State of Palestine,Western Asia
SY,Syrian Arab Republic,Western Asia
TR,Türkiye,Western Asia
AE,United Arab Emirates,Western Asia
YE,Yemen,Western Asia
BY,Belarus,Eastern Europe
BG,Bulgaria,Eastern Europe
CZ,Czechia,Eastern Europe
HU,Hungary,Eastern Europe
PL,Poland,Eastern Europe
MD,Republic of Moldova,Eastern Europe
RO,Romania,Eastern Europe
RU,Russian Federation,Eastern Europe
SK,Slovakia,Eastern Europe
UA,Ukraine,Eastern Europe
AX,Åland Islands,Northern Europe
DK,Denmark,Northern Europe
EE,Estonia,Northern Europe
FO,Faroe Islands,Northern Europe
FI,Finland,Northern Europe
GG,Guernsey,Northern Europe
IS,Iceland,Northern Europe
IE,Ireland,Northern Europe
IM,Isle of Man,Northern Europe
JE,Jersey,Northern Europe
LV,Latvia,Northern Europe
LT,Lithuania,Northern Europe
NO,Norway,Northern Europe
SJ,Svalbard and Jan Mayen Islands,Northern Europe
SE,Sweden,Northern Europe
GB,United Kingdom of Great Britain and Northern Ireland,Northern Europe
AL,Albania,Southern Europe
AD,Andorra,Southern Europe
BA,Bosnia and Herzegovina,Southern Europe
HR,Croatia,Southern Europe
GI,Gibraltar,Southern Europe
GR,Greece,Southern Europe
VA,Holy See,Southern Europe
IT,Italy,Southern Europe
MT,Malta,Southern Europe
ME,Montenegro,Southern Europe
MK,North Macedonia,Southern Europe
PT,Portugal,Southern Europe
SM,San Marino,Southern Europe
RS,Serbia,Southern Europe
SI,Slovenia,Southern Europe
ES,Spain,Southern Europe
AT,Austria,Western Europe
BE,Belgium,Western Europe
FR,France,Western Europe
DE,Germany,Western Europe
LI,Liechtenstein,Western Europe
LU,Luxembourg,Western Europe
MC,Monaco,Western Europe
NL,Netherlands (Kingdom of the),Western Europe
CH,Switzerland,Western Europe
AU,Australia,Australia and New Zealand
CX,Christmas Island,Australia and New Zealand
CC,Cocos (Keeling) Islands,Australia and New Zealand
HM,Heard Island and McDonald Islands,Australia and New Zealand
NZ,New Zealand,Australia and New Zealand
NF,Norfolk Island,Australia and New Zealand
FJ,Fiji,Melanesia
NC,New Caledonia,Melanesia
PG,Papua New Guinea,Melanesia
SB,Solomon Islands,Melanesia
VU,Vanuatu,Melanesia
GU,Guam,Micronesia
KI,Kiribati,Micronesia
MH,Marshall Islands,Micronesia
FM,Micronesia (Federated States of),Micronesia
NR,Nauru,Micronesia
MP,Northern Mariana Islands,Micronesia
PW,Palau,Micronesia
UM,United States Minor Outlying Islands,Micronesia
AS,American Samoa,Polynesia
CK,Cook Islands,Polynesia
PF,French Polynesia,Polynesia
NU,Niue,Polynesia
PN,Pitcairn,Polynesia
WS,Samoa,Polynesia
TK,Tokelau,Polynesia
TO,Tonga,Polynesia
TV,Tuvalu,Polynesia
WF,Wallis and Futuna Islands,Polynesia
