ID,Workshop,Admission Outcome,Gender,Status,Field of Research,Country of Affiliation,Region
9208,Cameroon,Rejected,Male,Pre-Doc,Chemistry,Nigeria,Western Africa
4358,Kenya,Rejected,Male,Pre-Doc,"Pharmacology, Pharmacy & Medicinal Chemistry",Unknown,Unknown
7084,Kenya,Selected,Male,PhD Student,"Pharmacology, Pharmacy & Medicinal Chemistry",Burkina Faso,Western Africa
8849,Mali,Rejected,Male,Pre-Doc,Unknown,Mali,Western Africa
3158,Kenya,Rejected,Male,Pre-Doc,"Molecular Biology, Genetics & Cell Biology",Nigeria,Western Africa
1731,Kenya,Rejected,Male,Pre-Doc,"Computer Science, Physics & Engineering",Nigeria,Western Africa
3674,Kenya,Rejected,Male,PhD Student,"Structural Biology, Biophysics & Biochemistry",Nigeria,Western Africa
1588,Kenya,Rejected,Female,Senior Scientist,"Structural Biology, Biophysics & Biochemistry",Nigeria,Western Africa
1383,Kenya,Rejected,Male,Senior Scientist,"Structural Biology, Biophysics & Biochemistry",Nigeria,Western Africa
1280,Cameroon,Rejected,Female,PhD Student,"Microbiology, Immunology & Infectious Diseases",Cameroon,Central Africa
4095,Kenya,Rejected,Female,Pre-Doc,Biotechnology & Bioengineering,Sudan,Northern Africa
2920,Kenya,Selected,Female,Pre-Doc,Biotechnology & Bioengineering,Kenya,Eastern Africa
5538,Kenya,Rejected,Male,Post-Doc,"Veterinary Medicine, Zoology & Animal Sciences",Benin,Western Africa
8892,Kenya,Rejected,Male,Pre-Doc,"Veterinary Medicine, Zoology & Animal Sciences",Sudan,Northern Africa
7637,Kenya,Rejected,Male,Pre-Doc,"Microbiology, Immunology & Infectious Diseases",Sudan,Northern Africa
7919,Kenya,Rejected,Male,Post-Doc,"Computer Science, Physics & Engineering",Japan,Eastern Asia
8774,Kenya,Selected,Male,Pre-Doc,"Pharmacology, Pharmacy & Medicinal Chemistry",Egypt,Northern Africa
1790,Kenya,Selected,Male,Pre-Doc,Biotechnology & Bioengineering,Egypt,Northern Africa
3339,Mali,Rejected,Female,Pre-Doc,"Plant, Agricultural & Environmental Sciences",Burkina Faso,Western Africa
1786,Cameroon,Rejected,Male,Senior Scientist,"Molecular Biology, Genetics & Cell Biology",Ivory Coast,Western Africa
1786,Kenya,Rejected,Male,Senior Scientist,"Molecular Biology, Genetics & Cell Biology",Ivory Coast,Western Africa
1884,Kenya,Rejected,Female,Pre-Doc,"Medical Laboratory Sciences, Medicine & Public Health",Sudan,Northern Africa
8987,Kenya,Rejected,Female,Pre-Doc,"Microbiology, Immunology & Infectious Diseases",Sudan,Northern Africa
8144,Kenya,Rejected,Female,Pre-Doc,"Microbiology, Immunology & Infectious Diseases",Sudan,Northern Africa
7184,Kenya,Rejected,Male,Senior Scientist,"Molecular Biology, Genetics & Cell Biology",Egypt,Northern Africa
4511,Mali,Rejected,Male,Senior Scientist,"Molecular Biology, Genetics & Cell Biology",Mali,Western Africa
2841,Kenya,Rejected,Male,PhD Student,"Pharmacology, Pharmacy & Medicinal Chemistry",Sudan,Northern Africa
2153,Kenya,Rejected,Female,Pre-Doc,"Plant, Agricultural & Environmental Sciences",Kenya,Eastern Africa
2111,Kenya,Selected,Male,PhD Student,"Medical Laboratory Sciences, Medicine & Public Health",Ethiopia,Eastern Africa
4682,Kenya,Rejected,Female,Pre-Doc,"Medical Laboratory Sciences, Medicine & Public Health",Unknown,Unknown
8044,Kenya,Selected,Female,Pre-Doc,"Veterinary Medicine, Zoology & Animal Sciences",Egypt,Northern Africa
2098,Mali,Rejected,Male,Pre-Doc,"Pharmacology, Pharmacy & Medicinal Chemistry",Mali,Western Africa
7392,Mali,Selected,Male,Senior Scientist,"Molecular Biology, Genetics & Cell Biology",Mali,Western Africa
2416,Mali,Rejected,Male,Post-Doc,"Microbiology, Immunology & Infectious Diseases",Mali,Western Africa
6161,Kenya,Selected,Female,Pre-Doc,Bioinformatics & Computational Biology,Senegal,Western Africa
6109,Cameroon,Selected,Female,Post-Doc,"Microbiology, Immunology & Infectious Diseases",Ghana,Western Africa
9700,Cameroon,Rejected,Female,Pre-Doc,"Microbiology, Immunology & Infectious Diseases",Benin,Western Africa
9362,Cameroon,Rejected,Female,PhD Student,Chemistry,Cameroon,Central Africa
3259,Cameroon,Rejected,Female,Senior Scientist,"Structural Biology, Biophysics & Biochemistry",Nigeria,Western Africa
1729,Cameroon,Rejected,Female,Pre-Doc,"Structural Biology, Biophysics & Biochemistry",Ghana,Western Africa
4679,Cameroon,Rejected,Male,PhD Student,"Microbiology, Immunology & Infectious Diseases",Cameroon,Central Africa
7305,Kenya,Selected,Male,Post-Doc,"Medical Laboratory Sciences, Medicine & Public Health",Zimbabwe,Eastern Africa
4659,Kenya,Rejected,Male,Pre-Doc,Bioinformatics & Computational Biology,Egypt,Northern Africa
8022,Kenya,Rejected,Male,Senior Scientist,"Microbiology, Immunology & Infectious Diseases",Sudan,Northern Africa
3693,Kenya,Rejected,Male,Unknown,Unknown,Egypt,Northern Africa
2448,Kenya,Rejected,Male,Unknown,"Pharmacology, Pharmacy & Medicinal Chemistry",Qatar,Western Asia
5112,Mali,Selected,Male,Post-Doc,Unknown,Mali,Western Africa
8584,Cameroon,Rejected,Female,PhD Student,"Microbiology, Immunology & Infectious Diseases",Cameroon,Central Africa
2736,Cameroon,Rejected,Female,PhD Student,"Molecular Biology, Genetics & Cell Biology",Cameroon,Central Africa
2736,Kenya,Selected,Female,PhD Student,"Molecular Biology, Genetics & Cell Biology",Nigeria,Western Africa
7139,Mali,Rejected,Male,Pre-Doc,"Medical Laboratory Sciences, Medicine & Public Health",Ghana,Western Africa
7116,Cameroon,Rejected,Male,Pre-Doc,"Structural Biology, Biophysics & Biochemistry",Ghana,Western Africa
4189,Mali,Rejected,Male,PhD Student,"Pharmacology, Pharmacy & Medicinal Chemistry",Mali,Western Africa
9859,Kenya,Selected,Female,Pre-Doc,"Plant, Agricultural & Environmental Sciences",Kenya,Eastern Africa
4131,Mali,Rejected,Male,Senior Scientist,Bioinformatics & Computational Biology,Mali,Western Africa
4742,Cameroon,Selected,Male,PhD Student,"Structural Biology, Biophysics & Biochemistry",Cameroon,Central Africa
8660,Cameroon,Rejected,Female,PhD Student,"Pharmacology, Pharmacy & Medicinal Chemistry",Cameroon,Central Africa
5837,Kenya,Rejected,Female,Pre-Doc,"Plant, Agricultural & Environmental Sciences",Kenya,Eastern Africa
7830,Cameroon,Rejected,Female,PhD Student,"Pharmacology, Pharmacy & Medicinal Chemistry",Mali,Western Africa
7679,Mali,Selected,Male,Pre-Doc,"Structural Biology, Biophysics & Biochemistry",The Netherlands,Europe
4174,Cameroon,Selected,Female,PhD Student,"Structural Biology, Biophysics & Biochemistry",Cameroon,Central Africa
8267,Cameroon,Rejected,Female,Pre-Doc,"Structural Biology, Biophysics & Biochemistry",Ghana,Western Africa
8098,Kenya,Selected,Male,Pre-Doc,"Veterinary Medicine, Zoology & Animal Sciences",Nigeria,Western Africa
7172,Kenya,Rejected,Male,Pre-Doc,"Structural Biology, Biophysics & Biochemistry",Nigeria,Western Africa
7506,Kenya,Rejected,Male,PhD Student,"Veterinary Medicine, Zoology & Animal Sciences",Cameroon,Central Africa
7506,Cameroon,Rejected,Male,PhD Student,"Veterinary Medicine, Zoology & Animal Sciences",Cameroon,Central Africa
8150,Kenya,Rejected,Male,Pre-Doc,Biotechnology & Bioengineering,Kenya,Eastern Africa
7208,Kenya,Selected,Male,Senior Scientist,"Microbiology, Immunology & Infectious Diseases",Botswana,Southern Africa
7208,Cameroon,Rejected,Male,Senior Scientist,"Microbiology, Immunology & Infectious Diseases",Botswana,Southern Africa
2397,Cameroon,Selected,Male,PhD Student,"Molecular Biology, Genetics & Cell Biology",Cameroon,Central Africa
2530,Cameroon,Rejected,Male,Pre-Doc,"Structural Biology, Biophysics & Biochemistry",Cameroon,Central Africa
8886,Kenya,Rejected,Female,Pre-Doc,"Computer Science, Physics & Engineering",Spain,Europe
5166,Kenya,Rejected,Male,Pre-Doc,"Structural Biology, Biophysics & Biochemistry",Botswana,Southern Africa
7362,Mali,Rejected,Female,Pre-Doc,"Structural Biology, Biophysics & Biochemistry",Mali,Western Africa
6738,Kenya,Rejected,Female,Pre-Doc,"Medical Laboratory Sciences, Medicine & Public Health",Unknown,Unknown
2361,Kenya,Selected,Female,PhD Student,Bioinformatics & Computational Biology,Egypt,Northern Africa
5159,Kenya,Selected,Female,PhD Student,"Pharmacology, Pharmacy & Medicinal Chemistry",Cameroon,Central Africa
5159,Cameroon,Rejected,Female,Post-Doc,"Pharmacology, Pharmacy & Medicinal Chemistry",Cameroon,Central Africa
3265,Mali,Rejected,Male,Pre-Doc,"Structural Biology, Biophysics & Biochemistry",Mali,Western Africa
5692,Kenya,Rejected,Male,Pre-Doc,"Structural Biology, Biophysics & Biochemistry",Nigeria,Western Africa
3727,Mali,Rejected,Female,Post-Doc,Bioinformatics & Computational Biology,Kenya,Eastern Africa
2229,Cameroon,Rejected,Male,Pre-Doc,"Structural Biology, Biophysics & Biochemistry",Ghana,Western Africa
4874,Kenya,Selected,Female,PhD Student,Biotechnology & Bioengineering,Nigeria,Western Africa
3213,Kenya,Selected,Female,Pre-Doc,Biotechnology & Bioengineering,Nigeria,Western Africa
4070,Kenya,Rejected,Male,Pre-Doc,"Pharmacology, Pharmacy & Medicinal Chemistry",Nigeria,Western Africa
7011,Kenya,Rejected,Male,Post-Doc,Chemistry,Nigeria,Western Africa
7011,Cameroon,Rejected,Male,PhD Student,Chemistry,Nigeria,Western Africa
7896,Kenya,Selected,Male,Post-Doc,"Pharmacology, Pharmacy & Medicinal Chemistry",Kenya,Eastern Africa
1996,Cameroon,Rejected,Female,PhD Student,"Structural Biology, Biophysics & Biochemistry",Nigeria,Western Africa
7809,Kenya,Rejected,Male,Senior Scientist,Chemistry,Nigeria,Western Africa
3128,Cameroon,Selected,Female,Pre-Doc,"Structural Biology, Biophysics & Biochemistry",Ghana,Western Africa
1231,Cameroon,Rejected,Female,Pre-Doc,"Structural Biology, Biophysics & Biochemistry",Ghana,Western Africa
8607,Kenya,Selected,Male,Pre-Doc,Bioinformatics & Computational Biology,Kenya,Eastern Africa
5341,Mali,Rejected,Female,Pre-Doc,Unknown,Mali,Western Africa
3988,Kenya,Rejected,Female,Pre-Doc,"Veterinary Medicine, Zoology & Animal Sciences",Sudan,Northern Africa
4010,Cameroon,Selected,Female,PhD Student,Bioinformatics & Computational Biology,Mali,Western Africa
4597,Cameroon,Rejected,Male,Post-Doc,"Structural Biology, Biophysics & Biochemistry",Nigeria,Western Africa
2523,Mali,Rejected,Female,Pre-Doc,Bioinformatics & Computational Biology,Kenya,Eastern Africa
3865,Cameroon,Rejected,Male,Unknown,"Structural Biology, Biophysics & Biochemistry",Cameroon,Central Africa
2402,Cameroon,Rejected,Male,Pre-Doc,"Structural Biology, Biophysics & Biochemistry",Cameroon,Central Africa
2255,Cameroon,Rejected,Female,PhD Student,"Microbiology, Immunology & Infectious Diseases",Cameroon,Central Africa
1573,Cameroon,Rejected,Female,Pre-Doc,"Structural Biology, Biophysics & Biochemistry",Nigeria,Western Africa
9136,Kenya,Selected,Male,Pre-Doc,Bioinformatics & Computational Biology,Uganda,Eastern Africa
4814,Cameroon,Rejected,Male,PhD Student,"Structural Biology, Biophysics & Biochemistry",Nigeria,Western Africa
8129,Kenya,Rejected,Male,Pre-Doc,"Medical Laboratory Sciences, Medicine & Public Health",Nigeria,Western Africa
8101,Cameroon,Rejected,Male,Pre-Doc,"Computer Science, Physics & Engineering",Russia,Europe
6042,Kenya,Rejected,Female,Senior Scientist,"Pharmacology, Pharmacy & Medicinal Chemistry",Egypt,Northern Africa
9776,Kenya,Selected,Male,PhD Student,Bioinformatics & Computational Biology,Uganda,Eastern Africa
1088,Mali,Rejected,Male,Pre-Doc,"Structural Biology, Biophysics & Biochemistry",India,Southern Asia
5777,Kenya,Selected,Male,Pre-Doc,Chemistry,Zambia,Eastern Africa
3772,Cameroon,Rejected,Male,Pre-Doc,"Structural Biology, Biophysics & Biochemistry",Cameroon,Central Africa
5503,Cameroon,Rejected,Male,PhD Student,"Microbiology, Immunology & Infectious Diseases",Cameroon,Central Africa
6128,Kenya,Selected,Female,Pre-Doc,"Microbiology, Immunology & Infectious Diseases",Benin,Western Africa
3925,Cameroon,Rejected,Male,Senior Scientist,Bioinformatics & Computational Biology,Tunisia,Northern Africa
4926,Kenya,Rejected,Female,Pre-Doc,"Structural Biology, Biophysics & Biochemistry",Benin,Western Africa
1008,Kenya,Rejected,Male,PhD Student,"Plant, Agricultural & Environmental Sciences",Benin,Western Africa
1008,Kenya,Rejected,Male,PhD Student,"Plant, Agricultural & Environmental Sciences",Benin,Western Africa
8497,Kenya,Rejected,Male,Pre-Doc,"Pharmacology, Pharmacy & Medicinal Chemistry",Egypt,Northern Africa
7390,Cameroon,Rejected,Male,PhD Student,"Microbiology, Immunology & Infectious Diseases",Nigeria,Western Africa
7057,Kenya,Rejected,Female,Senior Scientist,Chemistry,Sudan,Northern Africa
1557,Kenya,Selected,Female,Senior Scientist,"Pharmacology, Pharmacy & Medicinal Chemistry",Nigeria,Western Africa
6907,Cameroon,Selected,Female,Pre-Doc,"Structural Biology, Biophysics & Biochemistry",Kenya,Eastern Africa
8618,Kenya,Rejected,Male,PhD Student,"Medical Laboratory Sciences, Medicine & Public Health",Senegal,Western Africa
8618,Cameroon,Rejected,Male,PhD Student,"Microbiology, Immunology & Infectious Diseases",Senegal,Western Africa
3383,Kenya,Selected,Male,Pre-Doc,Bioinformatics & Computational Biology,Tanzania,Eastern Africa
1807,Kenya,Selected,Male,Pre-Doc,"Molecular Biology, Genetics & Cell Biology",Tanzania,Eastern Africa
3953,Kenya,Selected,Male,Pre-Doc,Bioinformatics & Computational Biology,Kenya,Eastern Africa
1797,Kenya,Rejected,Male,Pre-Doc,"Medical Laboratory Sciences, Medicine & Public Health",Unknown,Unknown
4258,Kenya,Rejected,Male,Post-Doc,"Pharmacology, Pharmacy & Medicinal Chemistry",Nigeria,Western Africa
4258,Cameroon,Selected,Male,Senior Scientist,"Pharmacology, Pharmacy & Medicinal Chemistry",Nigeria,Western Africa
4141,Kenya,Selected,Male,PhD Student,Bioinformatics & Computational Biology,Uganda,Eastern Africa
3172,Kenya,Selected,Female,Post-Doc,"Microbiology, Immunology & Infectious Diseases",Nigeria,Western Africa
5302,Mali,Rejected,Male,PhD Student,Bioinformatics & Computational Biology,Mali,Western Africa
4726,Kenya,Selected,Male,Pre-Doc,Bioinformatics & Computational Biology,Kenya,Eastern Africa
5216,Cameroon,Rejected,Male,Pre-Doc,"Structural Biology, Biophysics & Biochemistry",Cameroon,Central Africa
1077,Cameroon,Rejected,Male,PhD Student,"Molecular Biology, Genetics & Cell Biology",Cameroon,Central Africa
9443,Kenya,Selected,Male,Pre-Doc,"Computer Science, Physics & Engineering",Ghana,Western Africa
8236,Cameroon,Rejected,Male,PhD Student,"Microbiology, Immunology & Infectious Diseases",Burkina Faso,Western Africa
1805,Kenya,Selected,Male,Post-Doc,Bioinformatics & Computational Biology,Uganda,Eastern Africa
5844,Kenya,Rejected,Male,PhD Student,"Computer Science, Physics & Engineering",Uganda,Eastern Africa
6507,Kenya,Selected,Male,Pre-Doc,Biotechnology & Bioengineering,Botswana,Southern Africa
8580,Cameroon,Rejected,Male,PhD Student,"Structural Biology, Biophysics & Biochemistry",Cameroon,Central Africa
8015,Kenya,Rejected,Male,Pre-Doc,"Microbiology, Immunology & Infectious Diseases",Mali,Western Africa
8015,Cameroon,Rejected,Male,Pre-Doc,Biotechnology & Bioengineering,Mali,Western Africa
8756,Kenya,Selected,Male,Pre-Doc,Biotechnology & Bioengineering,Kenya,Eastern Africa
5900,Kenya,Selected,Female,PhD Student,Chemistry,Cameroon,Central Africa
5900,Cameroon,Rejected,Female,PhD Student,Chemistry,Cameroon,Central Africa
1854,Cameroon,Rejected,Female,Post-Doc,"Structural Biology, Biophysics & Biochemistry",Nigeria,Western Africa
5668,Kenya,Rejected,Female,Pre-Doc,"Medical Laboratory Sciences, Medicine & Public Health",Sudan,Northern Africa
2477,Mali,Rejected,Female,Post-Doc,"Structural Biology, Biophysics & Biochemistry",Italy,Europe
5236,Cameroon,Selected,Male,Post-Doc,"Molecular Biology, Genetics & Cell Biology",Cameroon,Central Africa
4504,Cameroon,Rejected,Male,Pre-Doc,"Microbiology, Immunology & Infectious Diseases",Mali,Western Africa
4504,Kenya,Selected,Male,Pre-Doc,"Veterinary Medicine, Zoology & Animal Sciences",Mali,Western Africa
8012,Cameroon,Rejected,Male,Pre-Doc,Biotechnology & Bioengineering,Cameroon,Central Africa
6521,Kenya,Rejected,Female,Senior Scientist,"Molecular Biology, Genetics & Cell Biology",Nigeria,Western Africa
5993,Kenya,Selected,Male,Post-Doc,"Microbiology, Immunology & Infectious Diseases",Benin,Western Africa
2795,Cameroon,Selected,Female,Post-Doc,"Structural Biology, Biophysics & Biochemistry",Cameroon,Central Africa
9795,Kenya,Selected,Male,PhD Student,"Microbiology, Immunology & Infectious Diseases",Ivory Coast,Western Africa
2577,Kenya,Selected,Female,Pre-Doc,Biotechnology & Bioengineering,Tanzania,Eastern Africa
7434,Cameroon,Rejected,Male,Post-Doc,Biotechnology & Bioengineering,Cameroon,Central Africa
5197,Kenya,Selected,Male,PhD Student,"Molecular Biology, Genetics & Cell Biology",Cameroon,Central Africa
4685,Kenya,Rejected,Female,Pre-Doc,"Medical Laboratory Sciences, Medicine & Public Health",Saudi Arabia,Western Asia
9897,Kenya,Selected,Male,Pre-Doc,"Structural Biology, Biophysics & Biochemistry",Egypt,Northern Africa
4172,Mali,Selected,Male,Post-Doc,Unknown,Unknown,Unknown
9733,Kenya,Rejected,Male,Pre-Doc,"Pharmacology, Pharmacy & Medicinal Chemistry",Sudan,Northern Africa
2430,Cameroon,Selected,Male,Senior Scientist,"Structural Biology, Biophysics & Biochemistry",Botswana,Southern Africa
6266,Kenya,Rejected,Female,Pre-Doc,"Computer Science, Physics & Engineering",Kenya,Eastern Africa
2297,Cameroon,Rejected,Female,PhD Student,"Veterinary Medicine, Zoology & Animal Sciences",Cameroon,Central Africa
2484,Cameroon,Rejected,Female,Post-Doc,"Structural Biology, Biophysics & Biochemistry",Cameroon,Central Africa
3087,Cameroon,Rejected,Female,Pre-Doc,"Structural Biology, Biophysics & Biochemistry",Cameroon,Central Africa
4394,Cameroon,Rejected,Male,PhD Student,"Molecular Biology, Genetics & Cell Biology",Senegal,Western Africa
5758,Kenya,Rejected,Female,Pre-Doc,Bioinformatics & Computational Biology,Sudan,Northern Africa
1318,Kenya,Rejected,Female,Pre-Doc,"Pharmacology, Pharmacy & Medicinal Chemistry",Uganda,Eastern Africa
4155,Kenya,Rejected,Male,Pre-Doc,"Computer Science, Physics & Engineering",Sudan,Northern Africa
2656,Kenya,Rejected,Male,Pre-Doc,"Medical Laboratory Sciences, Medicine & Public Health",Sudan,Northern Africa
9122,Mali,Rejected,Male,Pre-Doc,"Structural Biology, Biophysics & Biochemistry",Mali,Western Africa
4594,Kenya,Selected,Male,Pre-Doc,"Pharmacology, Pharmacy & Medicinal Chemistry",Egypt,Northern Africa
4335,Kenya,Rejected,Male,Senior Scientist,Bioinformatics & Computational Biology,Egypt,Northern Africa
4376,Cameroon,Rejected,Male,Pre-Doc,"Structural Biology, Biophysics & Biochemistry",Ghana,Western Africa
9262,Cameroon,Rejected,Male,Post-Doc,"Microbiology, Immunology & Infectious Diseases",Senegal,Western Africa
1373,Mali,Rejected,Male,Pre-Doc,Bioinformatics & Computational Biology,Mali,Western Africa
4252,Kenya,Rejected,Male,Post-Doc,"Structural Biology, Biophysics & Biochemistry",Sudan,Northern Africa
7224,Kenya,Selected,Male,Pre-Doc,Biotechnology & Bioengineering,Kenya,Eastern Africa
5187,Kenya,Rejected,Male,Senior Scientist,"Structural Biology, Biophysics & Biochemistry",Nigeria,Western Africa
8699,Kenya,Rejected,Male,Pre-Doc,"Medical Laboratory Sciences, Medicine & Public Health",Sudan,Northern Africa
4422,Kenya,Selected,Male,PhD Student,Bioinformatics & Computational Biology,Uganda,Eastern Africa
6314,Kenya,Rejected,Male,Pre-Doc,"Microbiology, Immunology & Infectious Diseases",China,Eastern Asia
7580,Kenya,Selected,Female,Pre-Doc,Bioinformatics & Computational Biology,Uganda,Eastern Africa
7424,Kenya,Rejected,Male,Pre-Doc,"Structural Biology, Biophysics & Biochemistry",Unknown,Unknown
9988,Kenya,Selected,Male,Pre-Doc,"Veterinary Medicine, Zoology & Animal Sciences",Tchad,Central Africa
1571,Cameroon,Rejected,Male,Unknown,"Structural Biology, Biophysics & Biochemistry",Ghana,Western Africa
1571,Kenya,Selected,Male,Pre-Doc,"Structural Biology, Biophysics & Biochemistry",Ghana,Western Africa
1289,Cameroon,Selected,Female,PhD Student,"Structural Biology, Biophysics & Biochemistry",Cameroon,Central Africa
8667,Kenya,Selected,Female,PhD Student,Biotechnology & Bioengineering,Nigeria,Western Africa
2803,Cameroon,Rejected,Female,Pre-Doc,Biotechnology & Bioengineering,Cameroon,Central Africa
3305,Cameroon,Selected,Female,Pre-Doc,"Pharmacology, Pharmacy & Medicinal Chemistry",Cameroon,Central Africa
7215,Kenya,Selected,Male,PhD Student,"Veterinary Medicine, Zoology & Animal Sciences",Cameroon,Central Africa
1782,Kenya,Rejected,Male,Senior Scientist,"Microbiology, Immunology & Infectious Diseases",South Africa,Southern Africa
1782,Cameroon,Rejected,Male,Senior Scientist,"Structural Biology, Biophysics & Biochemistry",South Africa,Southern Africa
1328,Cameroon,Rejected,Female,PhD Student,"Microbiology, Immunology & Infectious Diseases",Cameroon,Central Africa
5606,Kenya,Selected,Female,Post-Doc,"Structural Biology, Biophysics & Biochemistry",Nigeria,Western Africa
8474,Kenya,Selected,Female,Pre-Doc,"Structural Biology, Biophysics & Biochemistry",Kenya,Eastern Africa
4906,Kenya,Rejected,Male,Pre-Doc,"Computer Science, Physics & Engineering",Egypt,Northern Africa
1717,Kenya,Selected,Male,PhD Student,Bioinformatics & Computational Biology,Uganda,Eastern Africa
9074,Cameroon,Rejected,Female,Pre-Doc,"Structural Biology, Biophysics & Biochemistry",Cameroon,Central Africa
2260,Kenya,Rejected,Female,Post-Doc,"Pharmacology, Pharmacy & Medicinal Chemistry",Burundi,Eastern Africa
1726,Mali,Rejected,Male,Pre-Doc,"Structural Biology, Biophysics & Biochemistry",Cameroon,Central Africa
3474,Kenya,Rejected,Male,Senior Scientist,"Veterinary Medicine, Zoology & Animal Sciences",Nigeria,Western Africa
3474,Cameroon,Rejected,Male,Senior Scientist,"Veterinary Medicine, Zoology & Animal Sciences",Nigeria,Western Africa
6114,Kenya,Selected,Male,Pre-Doc,"Structural Biology, Biophysics & Biochemistry",Ghana,Western Africa
6114,Cameroon,Rejected,Male,Pre-Doc,"Structural Biology, Biophysics & Biochemistry",Ghana,Western Africa
1190,Cameroon,Selected,Female,Pre-Doc,"Structural Biology, Biophysics & Biochemistry",Cameroon,Central Africa
6457,Cameroon,Rejected,Male,Pre-Doc,"Medical Laboratory Sciences, Medicine & Public Health",Uganda,Eastern Africa
7762,Kenya,Rejected,Male,Post-Doc,"Structural Biology, Biophysics & Biochemistry",Nigeria,Western Africa
1351,Kenya,Selected,Female,Pre-Doc,"Structural Biology, Biophysics & Biochemistry",Nigeria,Western Africa
7380,Kenya,Rejected,Male,Pre-Doc,"Microbiology, Immunology & Infectious Diseases",Nigeria,Western Africa
9190,Kenya,Rejected,Male,Senior Scientist,"Veterinary Medicine, Zoology & Animal Sciences",Nigeria,Western Africa
1148,Cameroon,Selected,Male,Senior Scientist,"Structural Biology, Biophysics & Biochemistry",Nigeria,Western Africa
2438,Cameroon,Rejected,Male,PhD Student,Bioinformatics & Computational Biology,Nigeria,Western Africa
3895,Kenya,Rejected,Male,PhD Student,Chemistry,Nigeria,Western Africa
7003,Kenya,Rejected,Male,PhD Student,"Microbiology, Immunology & Infectious Diseases",Nigeria,Western Africa
3508,Kenya,Rejected,Male,PhD Student,"Structural Biology, Biophysics & Biochemistry",Ghana,Western Africa
1475,Kenya,Selected,Female,Post-Doc,"Structural Biology, Biophysics & Biochemistry",Nigeria,Western Africa
4634,Cameroon,Rejected,Male,Post-Doc,"Pharmacology, Pharmacy & Medicinal Chemistry",Cameroon,Central Africa
7749,Cameroon,Rejected,Female,Pre-Doc,"Microbiology, Immunology & Infectious Diseases",Kenya,Eastern Africa
7429,Kenya,Selected,Male,Pre-Doc,"Microbiology, Immunology & Infectious Diseases",Ghana,Western Africa
7543,Kenya,Selected,Female,PhD Student,"Molecular Biology, Genetics & Cell Biology",Nigeria,Western Africa
2608,Kenya,Selected,Male,Pre-Doc,Bioinformatics & Computational Biology,Mali,Western Africa
2608,Cameroon,Rejected,Male,Pre-Doc,Bioinformatics & Computational Biology,Mali,Western Africa
1167,Kenya,Selected,Male,Post-Doc,"Microbiology, Immunology & Infectious Diseases",Senegal,Western Africa
1424,Kenya,Rejected,Male,Unknown,"Microbiology, Immunology & Infectious Diseases",Gambia,Western Africa
4474,Kenya,Rejected,Female,Senior Scientist,"Medical Laboratory Sciences, Medicine & Public Health",Nigeria,Western Africa
9145,Mali,Rejected,Male,Pre-Doc,"Microbiology, Immunology & Infectious Diseases",India,Southern Asia
3719,Kenya,Selected,Female,PhD Student,"Microbiology, Immunology & Infectious Diseases",Kenya,Eastern Africa
4768,Kenya,Selected,Female,Post-Doc,"Microbiology, Immunology & Infectious Diseases",Kenya,Eastern Africa
9704,Mali,Rejected,Female,Pre-Doc,Unknown,India,Southern Asia
2196,Cameroon,Rejected,Male,Pre-Doc,"Structural Biology, Biophysics & Biochemistry",Ghana,Western Africa
2196,Kenya,Rejected,Male,Pre-Doc,"Microbiology, Immunology & Infectious Diseases",Ghana,Western Africa
4705,Mali,Rejected,Female,Pre-Doc,Unknown,Ghana,Western Africa
8573,Mali,Selected,Male,PhD Student,"Structural Biology, Biophysics & Biochemistry",Mali,Western Africa
4581,Kenya,Selected,Female,Pre-Doc,"Computer Science, Physics & Engineering",Uganda,Eastern Africa
3065,Kenya,Rejected,Female,Pre-Doc,"Microbiology, Immunology & Infectious Diseases",Egypt,Northern Africa
8139,Kenya,Selected,Male,PhD Student,"Plant, Agricultural & Environmental Sciences",Tanzania,Eastern Africa
3587,Mali,Rejected,Male,Pre-Doc,"Medical Laboratory Sciences, Medicine & Public Health",Ghana,Western Africa
9906,Kenya,Selected,Female,Pre-Doc,Bioinformatics & Computational Biology,Nigeria,Western Africa
8544,Mali,Rejected,Male,PhD Student,"Structural Biology, Biophysics & Biochemistry",Kenya,Eastern Africa
1199,Cameroon,Selected,Male,Post-Doc,"Microbiology, Immunology & Infectious Diseases",Cameroon,Central Africa
6285,Kenya,Selected,Female,Pre-Doc,"Microbiology, Immunology & Infectious Diseases",Kenya,Eastern Africa
8116,Kenya,Rejected,Female,Pre-Doc,"Medical Laboratory Sciences, Medicine & Public Health",Kenya,Eastern Africa
7160,Cameroon,Selected,Female,PhD Student,"Medical Laboratory Sciences, Medicine & Public Health",Senegal,Western Africa
1420,Kenya,Rejected,Female,Unknown,"Pharmacology, Pharmacy & Medicinal Chemistry",Sudan,Northern Africa
8436,Kenya,Rejected,Male,Pre-Doc,"Veterinary Medicine, Zoology & Animal Sciences",Saudi Arabia,Western Asia
1283,Cameroon,Rejected,Male,Post-Doc,Chemistry,Nigeria,Western Africa
2207,Cameroon,Rejected,Male,Pre-Doc,"Microbiology, Immunology & Infectious Diseases",Mali,Western Africa
9510,Cameroon,Rejected,Male,Pre-Doc,Bioinformatics & Computational Biology,Nigeria,Western Africa
9510,Kenya,Rejected,Male,Pre-Doc,Chemistry,Nigeria,Western Africa
4053,Mali,Rejected,Male,Unknown,"Plant, Agricultural & Environmental Sciences",India,Southern Asia
5348,Cameroon,Selected,Male,Post-Doc,"Microbiology, Immunology & Infectious Diseases",Benin,Western Africa
6341,Kenya,Rejected,Male,Post-Doc,"Structural Biology, Biophysics & Biochemistry",Germany,Europe
2908,Kenya,Rejected,Male,Post-Doc,"Molecular Biology, Genetics & Cell Biology",Senegal,Western Africa
9639,Mali,Selected,Female,Post-Doc,Unknown,United Kingdom,Europe
1449,Mali,Rejected,Male,Pre-Doc,Unknown,India,Southern Asia
6237,Kenya,Rejected,Male,PhD Student,"Microbiology, Immunology & Infectious Diseases",India,Southern Asia
7885,Cameroon,Rejected,Male,Unknown,"Veterinary Medicine, Zoology & Animal Sciences",Senegal,Western Africa
1385,Kenya,Selected,Male,PhD Student,"Molecular Biology, Genetics & Cell Biology",Uganda,Eastern Africa
5760,Kenya,Selected,Male,PhD Student,Chemistry,Cameroon,Central Africa
7756,Kenya,Selected,Female,Post-Doc,Biotechnology & Bioengineering,Nigeria,Western Africa
3658,Cameroon,Rejected,Male,PhD Student,"Structural Biology, Biophysics & Biochemistry",Cameroon,Central Africa
3658,Kenya,Rejected,Male,PhD Student,"Structural Biology, Biophysics & Biochemistry",Cameroon,Central Africa
8817,Kenya,Selected,Male,Pre-Doc,"Molecular Biology, Genetics & Cell Biology",Cameroon,Central Africa
6048,Cameroon,Rejected,Male,Pre-Doc,"Structural Biology, Biophysics & Biochemistry",Cameroon,Central Africa
6374,Kenya,Selected,Male,PhD Student,Biotechnology & Bioengineering,Botswana,Southern Africa
2648,Kenya,Rejected,Male,PhD Student,Chemistry,Cameroon,Central Africa
9799,Cameroon,Rejected,Male,Pre-Doc,"Structural Biology, Biophysics & Biochemistry",Cameroon,Central Africa
9765,Cameroon,Selected,Male,PhD Student,"Structural Biology, Biophysics & Biochemistry",Cameroon,Central Africa
5647,Cameroon,Selected,Female,PhD Student,"Structural Biology, Biophysics & Biochemistry",Cameroon,Central Africa
9326,Kenya,Selected,Female,Pre-Doc,Bioinformatics & Computational Biology,Ethiopia,Eastern Africa
8441,Cameroon,Rejected,Male,Post-Doc,"Structural Biology, Biophysics & Biochemistry",Cameroon,Central Africa
7832,Cameroon,Rejected,Male,PhD Student,"Microbiology, Immunology & Infectious Diseases",Benin,Western Africa
3456,Kenya,Selected,Male,Pre-Doc,Bioinformatics & Computational Biology,Ethiopia,Eastern Africa
9747,Kenya,Rejected,Male,Pre-Doc,"Structural Biology, Biophysics & Biochemistry",Nigeria,Western Africa
6927,Mali,Rejected,Male,Pre-Doc,Unknown,Nigeria,Western Africa
7904,Kenya,Selected,Female,PhD Student,Biotechnology & Bioengineering,Nigeria,Western Africa
2326,Kenya,Selected,Male,PhD Student,"Structural Biology, Biophysics & Biochemistry",South Africa,Southern Africa
2150,Mali,Rejected,Male,Post-Doc,"Structural Biology, Biophysics & Biochemistry",Nigeria,Western Africa
8856,Mali,Rejected,Female,Post-Doc,"Structural Biology, Biophysics & Biochemistry",Nigeria,Western Africa
9309,Cameroon,Rejected,Female,Pre-Doc,"Structural Biology, Biophysics & Biochemistry",Nigeria,Western Africa
7336,Kenya,Rejected,Male,Post-Doc,"Pharmacology, Pharmacy & Medicinal Chemistry",Nigeria,Western Africa
9459,Cameroon,Rejected,Female,PhD Student,"Structural Biology, Biophysics & Biochemistry",Cameroon,Central Africa
9459,Kenya,Selected,Female,PhD Student,"Veterinary Medicine, Zoology & Animal Sciences",Cameroon,Central Africa
3518,Kenya,Rejected,Male,Pre-Doc,"Medical Laboratory Sciences, Medicine & Public Health",Nigeria,Western Africa
5335,Cameroon,Selected,Male,Pre-Doc,Biotechnology & Bioengineering,Egypt,Northern Africa
5381,Kenya,Selected,Male,Pre-Doc,Bioinformatics & Computational Biology,Uganda,Eastern Africa
5240,Cameroon,Rejected,Female,Pre-Doc,"Microbiology, Immunology & Infectious Diseases",Cameroon,Central Africa
7796,Kenya,Rejected,Male,Senior Scientist,Chemistry,Kenya,Eastern Africa
1978,Cameroon,Rejected,Male,Pre-Doc,"Microbiology, Immunology & Infectious Diseases",Germany,Europe
6281,Kenya,Selected,Male,PhD Student,"Structural Biology, Biophysics & Biochemistry",Cameroon,Central Africa
3610,Cameroon,Rejected,Male,Senior Scientist,"Veterinary Medicine, Zoology & Animal Sciences",Nigeria,Western Africa
1296,Kenya,Selected,Male,Post-Doc,"Microbiology, Immunology & Infectious Diseases",Cameroon,Central Africa
5205,Kenya,Selected,Male,Pre-Doc,Biotechnology & Bioengineering,Egypt,Northern Africa
8405,Kenya,Rejected,Female,Senior Scientist,"Microbiology, Immunology & Infectious Diseases",Ethiopia,Eastern Africa
8405,Cameroon,Selected,Female,Post-Doc,"Microbiology, Immunology & Infectious Diseases",Ethiopia,Eastern Africa
9106,Kenya,Selected,Male,Post-Doc,"Molecular Biology, Genetics & Cell Biology",Tanzania,Eastern Africa
1011,Mali,Selected,Male,Pre-Doc,"Structural Biology, Biophysics & Biochemistry",Unknown,Unknown
5626,Kenya,Rejected,Female,Pre-Doc,Bioinformatics & Computational Biology,United Arab Emirates,Western Asia
1727,Kenya,Rejected,Male,Pre-Doc,"Microbiology, Immunology & Infectious Diseases",Sudan,Northern Africa
8008,Kenya,Selected,Female,PhD Student,Biotechnology & Bioengineering,Nigeria,Western Africa
5825,Kenya,Selected,Male,Post-Doc,"Microbiology, Immunology & Infectious Diseases",Kenya,Eastern Africa
